ISO-10303-21;
HEADER;
FILE_DESCRIPTION (( 'STEP AP203' ),
    '1' );
FILE_NAME ('RPI-352.STEP',
    '2013-09-26T03:07:09',
    ( '' ),
    ( '' ),
    'SwSTEP 2.0',
    'SolidWorks 2006104',
    '' );
FILE_SCHEMA (( 'CONFIG_CONTROL_DESIGN' ));
ENDSEC;

DATA;
#1 = CC_DESIGN_PERSON_AND_ORGANIZATION_ASSIGNMENT ( #3, #2, ( #18 ) ) ;
#2 = PERSON_AND_ORGANIZATION_ROLE ( 'design_supplier' ) ;
#3 = PERSON_AND_ORGANIZATION ( #1792, #1791 ) ;
#4 = CC_DESIGN_PERSON_AND_ORGANIZATION_ASSIGNMENT ( #6, #5, ( #18 ) ) ;
#5 = PERSON_AND_ORGANIZATION_ROLE ( 'creator' ) ;
#6 = PERSON_AND_ORGANIZATION ( #1792, #1791 ) ;
#7 = CC_DESIGN_APPROVAL ( #15, ( #18 ) ) ;
#8 = APPROVAL_DATE_TIME ( #9, #15 ) ;
#9 = DATE_AND_TIME ( #10, #11 ) ;
#10 = CALENDAR_DATE ( 2013, 26, 9 ) ;
#11 = LOCAL_TIME ( 12, 7, 9.000000000000000000, #12 ) ;
#12 = COORDINATED_UNIVERSAL_TIME_OFFSET ( 9, 0, .AHEAD. ) ;
#13 = APPROVAL_PERSON_ORGANIZATION ( #17, #15, #14 ) ;
#14 = APPROVAL_ROLE ( '' ) ;
#15 = APPROVAL ( #16, 'UNSPECIFIED' ) ;
#16 = APPROVAL_STATUS ( 'not_yet_approved' ) ;
#17 = PERSON_AND_ORGANIZATION ( #1792, #1791 ) ;
#18 = PRODUCT_DEFINITION_FORMATION_WITH_SPECIFIED_SOURCE ( 'ANY', '', #1793, .NOT_KNOWN. ) ;
#19 = CC_DESIGN_DATE_AND_TIME_ASSIGNMENT ( #21, #20, ( #39 ) ) ;
#20 = DATE_TIME_ROLE ( 'creation_date' ) ;
#21 = DATE_AND_TIME ( #22, #23 ) ;
#22 = CALENDAR_DATE ( 2013, 26, 9 ) ;
#23 = LOCAL_TIME ( 12, 7, 9.000000000000000000, #24 ) ;
#24 = COORDINATED_UNIVERSAL_TIME_OFFSET ( 9, 0, .AHEAD. ) ;
#25 = CC_DESIGN_PERSON_AND_ORGANIZATION_ASSIGNMENT ( #27, #26, ( #39 ) ) ;
#26 = PERSON_AND_ORGANIZATION_ROLE ( 'creator' ) ;
#27 = PERSON_AND_ORGANIZATION ( #1792, #1791 ) ;
#28 = CC_DESIGN_APPROVAL ( #36, ( #39 ) ) ;
#29 = APPROVAL_DATE_TIME ( #30, #36 ) ;
#30 = DATE_AND_TIME ( #31, #32 ) ;
#31 = CALENDAR_DATE ( 2013, 26, 9 ) ;
#32 = LOCAL_TIME ( 12, 7, 9.000000000000000000, #33 ) ;
#33 = COORDINATED_UNIVERSAL_TIME_OFFSET ( 9, 0, .AHEAD. ) ;
#34 = APPROVAL_PERSON_ORGANIZATION ( #38, #36, #35 ) ;
#35 = APPROVAL_ROLE ( '' ) ;
#36 = APPROVAL ( #37, 'UNSPECIFIED' ) ;
#37 = APPROVAL_STATUS ( 'not_yet_approved' ) ;
#38 = PERSON_AND_ORGANIZATION ( #1792, #1791 ) ;
#39 = PRODUCT_DEFINITION ( 'UNKNOWN', '', #18, #40 ) ;
#40 = DESIGN_CONTEXT ( 'detailed design', #42, 'design' ) ;
#41 = APPLICATION_PROTOCOL_DEFINITION ( 'international standard', 'config_control_design', 1994, #42 ) ;
#42 = APPLICATION_CONTEXT ( 'configuration controlled 3d designs of mechanical parts and assemblies' ) ;
#43 = SHAPE_DEFINITION_REPRESENTATION ( #46, #1784 ) ;
#44 = CC_DESIGN_PERSON_AND_ORGANIZATION_ASSIGNMENT ( #1790, #45, ( #1793 ) ) ;
#45 = PERSON_AND_ORGANIZATION_ROLE ( 'design_owner' ) ;
#46 = PRODUCT_DEFINITION_SHAPE ( 'NONE', 'NONE',  #39 ) ;
#47 = PRODUCT_RELATED_PRODUCT_CATEGORY ( 'detail', '', ( #1793 ) ) ;
#48 = CC_DESIGN_SECURITY_CLASSIFICATION ( #69, ( #18 ) ) ;
#49 = CC_DESIGN_APPROVAL ( #57, ( #69 ) ) ;
#50 = APPROVAL_DATE_TIME ( #51, #57 ) ;
#51 = DATE_AND_TIME ( #52, #53 ) ;
#52 = CALENDAR_DATE ( 2013, 26, 9 ) ;
#53 = LOCAL_TIME ( 12, 7, 9.000000000000000000, #54 ) ;
#54 = COORDINATED_UNIVERSAL_TIME_OFFSET ( 9, 0, .AHEAD. ) ;
#55 = APPROVAL_PERSON_ORGANIZATION ( #59, #57, #56 ) ;
#56 = APPROVAL_ROLE ( '' ) ;
#57 = APPROVAL ( #58, 'UNSPECIFIED' ) ;
#58 = APPROVAL_STATUS ( 'not_yet_approved' ) ;
#59 = PERSON_AND_ORGANIZATION ( #1792, #1791 ) ;
#60 = CC_DESIGN_DATE_AND_TIME_ASSIGNMENT ( #62, #61, ( #69 ) ) ;
#61 = DATE_TIME_ROLE ( 'classification_date' ) ;
#62 = DATE_AND_TIME ( #63, #64 ) ;
#63 = CALENDAR_DATE ( 2013, 26, 9 ) ;
#64 = LOCAL_TIME ( 12, 7, 9.000000000000000000, #65 ) ;
#65 = COORDINATED_UNIVERSAL_TIME_OFFSET ( 9, 0, .AHEAD. ) ;
#66 = CC_DESIGN_PERSON_AND_ORGANIZATION_ASSIGNMENT ( #68, #67, ( #69 ) ) ;
#67 = PERSON_AND_ORGANIZATION_ROLE ( 'classification_officer' ) ;
#68 = PERSON_AND_ORGANIZATION ( #1792, #1791 ) ;
#69 = SECURITY_CLASSIFICATION ( '', '', #70 ) ;
#70 = SECURITY_CLASSIFICATION_LEVEL ( 'unclassified' ) ;
#71 = EDGE_CURVE ( 'NONE', #411, #362, #756, .T. ) ;
#72 = ORIENTED_EDGE ( 'NONE', *, *, #429, .F. ) ;
#73 = ORIENTED_EDGE ( 'NONE', *, *, #71, .T. ) ;
#74 = ORIENTED_EDGE ( 'NONE', *, *, #173, .T. ) ;
#75 = VERTEX_POINT ( 'NONE', #752 ) ;
#76 = ORIENTED_EDGE ( 'NONE', *, *, #178, .F. ) ;
#77 = ORIENTED_EDGE ( 'NONE', *, *, #81, .F. ) ;
#78 = EDGE_LOOP ( 'NONE', ( #470, #453, #456, #480 ) ) ;
#79 = VERTEX_POINT ( 'NONE', #751 ) ;
#80 = VERTEX_POINT ( 'NONE', #750 ) ;
#81 = EDGE_CURVE ( 'NONE', #466, #464, #749, .T. ) ;
#82 = EDGE_CURVE ( 'NONE', #75, #162, #745, .T. ) ;
#83 = ADVANCED_FACE ( 'NONE', ( #741 ), #740, .F. ) ;
#84 = ORIENTED_EDGE ( 'NONE', *, *, #82, .F. ) ;
#85 = ORIENTED_EDGE ( 'NONE', *, *, #96, .T. ) ;
#86 = VERTEX_POINT ( 'NONE', #735 ) ;
#87 = ORIENTED_EDGE ( 'NONE', *, *, #97, .T. ) ;
#88 = ORIENTED_EDGE ( 'NONE', *, *, #176, .F. ) ;
#89 = ADVANCED_FACE ( 'NONE', ( #734 ), #733, .F. ) ;
#90 = ORIENTED_EDGE ( 'NONE', *, *, #101, .T. ) ;
#91 = VERTEX_POINT ( 'NONE', #728 ) ;
#92 = EDGE_CURVE ( 'NONE', #91, #95, #727, .T. ) ;
#93 = ORIENTED_EDGE ( 'NONE', *, *, #100, .T. ) ;
#94 = EDGE_LOOP ( 'NONE', ( #153, #116, #149, #147, #529, #160, #161, #148, #133, #150 ) ) ;
#95 = VERTEX_POINT ( 'NONE', #723 ) ;
#96 = EDGE_CURVE ( 'NONE', #86, #110, #790, .T. ) ;
#97 = EDGE_CURVE ( 'NONE', #166, #449, #786, .T. ) ;
#98 = VERTEX_POINT ( 'NONE', #782 ) ;
#99 = ORIENTED_EDGE ( 'NONE', *, *, #108, .F. ) ;
#100 = EDGE_CURVE ( 'NONE', #91, #112, #781, .T. ) ;
#101 = EDGE_CURVE ( 'NONE', #112, #98, #777, .T. ) ;
#102 = ADVANCED_FACE ( 'NONE', ( #773 ), #772, .F. ) ;
#103 = ORIENTED_EDGE ( 'NONE', *, *, #104, .F. ) ;
#104 = EDGE_CURVE ( 'NONE', #86, #175, #767, .T. ) ;
#105 = EDGE_LOOP ( 'NONE', ( #93, #90, #99, #107 ) ) ;
#106 = EDGE_LOOP ( 'NONE', ( #85, #113, #88, #103 ) ) ;
#107 = ORIENTED_EDGE ( 'NONE', *, *, #92, .F. ) ;
#108 = EDGE_CURVE ( 'NONE', #95, #98, #763, .T. ) ;
#109 = EDGE_CURVE ( 'NONE', #110, #473, #821, .T. ) ;
#110 = VERTEX_POINT ( 'NONE', #817 ) ;
#111 = EDGE_LOOP ( 'NONE', ( #151, #120, #138, #131, #523, #130, #156, #159, #142, #140 ) ) ;
#112 = VERTEX_POINT ( 'NONE', #816 ) ;
#113 = ORIENTED_EDGE ( 'NONE', *, *, #109, .T. ) ;
#114 = ORIENTED_EDGE ( 'NONE', *, *, #173, .F. ) ;
#115 = ORIENTED_EDGE ( 'NONE', *, *, #532, .F. ) ;
#116 = ORIENTED_EDGE ( 'NONE', *, *, #92, .T. ) ;
#117 = EDGE_CURVE ( 'NONE', #531, #465, #815, .T. ) ;
#118 = ORIENTED_EDGE ( 'NONE', *, *, #117, .T. ) ;
#119 = ORIENTED_EDGE ( 'NONE', *, *, #139, .T. ) ;
#120 = ORIENTED_EDGE ( 'NONE', *, *, #122, .T. ) ;
#121 = ADVANCED_FACE ( 'NONE', ( #811 ), #810, .T. ) ;
#122 = EDGE_CURVE ( 'NONE', #531, #124, #805, .T. ) ;
#123 = VERTEX_POINT ( 'NONE', #801 ) ;
#124 = VERTEX_POINT ( 'NONE', #800 ) ;
#125 = ORIENTED_EDGE ( 'NONE', *, *, #328, .F. ) ;
#126 = ORIENTED_EDGE ( 'NONE', *, *, #314, .F. ) ;
#127 = EDGE_CURVE ( 'NONE', #162, #452, #799, .T. ) ;
#128 = ADVANCED_FACE ( 'NONE', ( #795 ), #794, .F. ) ;
#129 = VERTEX_POINT ( 'NONE', #853 ) ;
#130 = ORIENTED_EDGE ( 'NONE', *, *, #134, .T. ) ;
#131 = ORIENTED_EDGE ( 'NONE', *, *, #522, .T. ) ;
#132 = EDGE_LOOP ( 'NONE', ( #119, #521, #519, #518, #517 ) ) ;
#133 = ORIENTED_EDGE ( 'NONE', *, *, #136, .F. ) ;
#134 = EDGE_CURVE ( 'NONE', #129, #459, #852, .T. ) ;
#135 = EDGE_CURVE ( 'NONE', #124, #158, #847, .T. ) ;
#136 = EDGE_CURVE ( 'NONE', #146, #145, #843, .T. ) ;
#137 = VERTEX_POINT ( 'NONE', #839 ) ;
#138 = ORIENTED_EDGE ( 'NONE', *, *, #135, .T. ) ;
#139 = EDGE_CURVE ( 'NONE', #79, #154, #838, .T. ) ;
#140 = ORIENTED_EDGE ( 'NONE', *, *, #467, .F. ) ;
#141 = ADVANCED_FACE ( 'NONE', ( #834 ), #833, .F. ) ;
#142 = ORIENTED_EDGE ( 'NONE', *, *, #139, .F. ) ;
#143 = EDGE_LOOP ( 'NONE', ( #525, #526, #118, #114, #115 ) ) ;
#144 = EDGE_CURVE ( 'NONE', #145, #462, #828, .T. ) ;
#145 = VERTEX_POINT ( 'NONE', #823 ) ;
#146 = VERTEX_POINT ( 'NONE', #822 ) ;
#147 = ORIENTED_EDGE ( 'NONE', *, *, #81, .T. ) ;
#148 = ORIENTED_EDGE ( 'NONE', *, *, #144, .F. ) ;
#149 = ORIENTED_EDGE ( 'NONE', *, *, #532, .T. ) ;
#150 = ORIENTED_EDGE ( 'NONE', *, *, #152, .F. ) ;
#151 = ORIENTED_EDGE ( 'NONE', *, *, #117, .F. ) ;
#152 = EDGE_CURVE ( 'NONE', #137, #146, #884, .T. ) ;
#153 = ORIENTED_EDGE ( 'NONE', *, *, #528, .F. ) ;
#154 = VERTEX_POINT ( 'NONE', #879 ) ;
#155 = EDGE_CURVE ( 'NONE', #476, #154, #878, .T. ) ;
#156 = ORIENTED_EDGE ( 'NONE', *, *, #458, .T. ) ;
#157 = DIRECTION ( 'NONE',  ( -1.224606353822376500E-016, 1.000000000000000000, 0.0000000000000000000 ) ) ;
#158 = VERTEX_POINT ( 'NONE', #874 ) ;
#159 = ORIENTED_EDGE ( 'NONE', *, *, #155, .T. ) ;
#160 = ORIENTED_EDGE ( 'NONE', *, *, #104, .T. ) ;
#161 = ORIENTED_EDGE ( 'NONE', *, *, #446, .F. ) ;
#162 = VERTEX_POINT ( 'NONE', #873 ) ;
#163 = EDGE_LOOP ( 'NONE', ( #76, #174, #84, #468 ) ) ;
#164 = EDGE_CURVE ( 'NONE', #451, #166, #872, .T. ) ;
#165 = ORIENTED_EDGE ( 'NONE', *, *, #164, .T. ) ;
#166 = VERTEX_POINT ( 'NONE', #868 ) ;
#167 = ORIENTED_EDGE ( 'NONE', *, *, #170, .T. ) ;
#168 = ORIENTED_EDGE ( 'NONE', *, *, #176, .T. ) ;
#169 = EDGE_LOOP ( 'NONE', ( #168, #474, #477, #460, #445 ) ) ;
#170 = EDGE_CURVE ( 'NONE', #450, #451, #867, .T. ) ;
#171 = EDGE_CURVE ( 'NONE', #464, #79, #863, .T. ) ;
#172 = VERTEX_POINT ( 'NONE', #859 ) ;
#173 = EDGE_CURVE ( 'NONE', #466, #465, #858, .T. ) ;
#174 = ORIENTED_EDGE ( 'NONE', *, *, #127, .F. ) ;
#175 = VERTEX_POINT ( 'NONE', #915 ) ;
#176 = EDGE_CURVE ( 'NONE', #175, #473, #914, .T. ) ;
#177 = ADVANCED_FACE ( 'NONE', ( #910, #909 ), #908, .T. ) ;
#178 = EDGE_CURVE ( 'NONE', #452, #80, #903, .T. ) ;
#179 = ORIENTED_EDGE ( 'NONE', *, *, #180, .T. ) ;
#180 = EDGE_CURVE ( 'NONE', #146, #123, #899, .T. ) ;
#181 = ORIENTED_EDGE ( 'NONE', *, *, #136, .T. ) ;
#182 = ORIENTED_EDGE ( 'NONE', *, *, #522, .F. ) ;
#183 = ADVANCED_FACE ( 'NONE', ( #895 ), #894, .T. ) ;
#184 = ORIENTED_EDGE ( 'NONE', *, *, #528, .T. ) ;
#185 = ORIENTED_EDGE ( 'NONE', *, *, #152, .T. ) ;
#186 = EDGE_CURVE ( 'NONE', #137, #158, #889, .T. ) ;
#187 = ADVANCED_FACE ( 'NONE', ( #885 ), #949, .F. ) ;
#188 = ORIENTED_EDGE ( 'NONE', *, *, #186, .T. ) ;
#189 = EDGE_CURVE ( 'NONE', #124, #112, #944, .T. ) ;
#190 = EDGE_LOOP ( 'NONE', ( #193, #185, #179, #182 ) ) ;
#191 = ORIENTED_EDGE ( 'NONE', *, *, #189, .T. ) ;
#192 = ORIENTED_EDGE ( 'NONE', *, *, #100, .F. ) ;
#193 = ORIENTED_EDGE ( 'NONE', *, *, #186, .F. ) ;
#194 = ORIENTED_EDGE ( 'NONE', *, *, #524, .F. ) ;
#195 = ORIENTED_EDGE ( 'NONE', *, *, #222, .F. ) ;
#196 = EDGE_LOOP ( 'NONE', ( #228, #226, #231, #225 ) ) ;
#197 = ORIENTED_EDGE ( 'NONE', *, *, #135, .F. ) ;
#198 = EDGE_LOOP ( 'NONE', ( #197, #191, #192, #184, #188 ) ) ;
#199 = EDGE_CURVE ( 'NONE', #516, #202, #940, .T. ) ;
#200 = ORIENTED_EDGE ( 'NONE', *, *, #199, .F. ) ;
#201 = EDGE_CURVE ( 'NONE', #202, #203, #936, .T. ) ;
#202 = VERTEX_POINT ( 'NONE', #932 ) ;
#203 = VERTEX_POINT ( 'NONE', #931 ) ;
#204 = ORIENTED_EDGE ( 'NONE', *, *, #201, .F. ) ;
#205 = EDGE_CURVE ( 'NONE', #206, #224, #930, .T. ) ;
#206 = VERTEX_POINT ( 'NONE', #926 ) ;
#207 = ORIENTED_EDGE ( 'NONE', *, *, #205, .F. ) ;
#208 = ADVANCED_FACE ( 'NONE', ( #925 ), #924, .F. ) ;
#209 = EDGE_CURVE ( 'NONE', #206, #202, #919, .T. ) ;
#210 = ORIENTED_EDGE ( 'NONE', *, *, #199, .T. ) ;
#211 = ORIENTED_EDGE ( 'NONE', *, *, #209, .T. ) ;
#212 = EDGE_LOOP ( 'NONE', ( #219, #195, #207, #211 ) ) ;
#213 = ORIENTED_EDGE ( 'NONE', *, *, #317, .T. ) ;
#214 = ORIENTED_EDGE ( 'NONE', *, *, #215, .F. ) ;
#215 = EDGE_CURVE ( 'NONE', #224, #229, #980, .T. ) ;
#216 = ORIENTED_EDGE ( 'NONE', *, *, #222, .T. ) ;
#217 = EDGE_LOOP ( 'NONE', ( #213, #220, #214, #216 ) ) ;
#218 = ADVANCED_FACE ( 'NONE', ( #976 ), #975, .F. ) ;
#219 = ORIENTED_EDGE ( 'NONE', *, *, #201, .T. ) ;
#220 = ORIENTED_EDGE ( 'NONE', *, *, #221, .F. ) ;
#221 = EDGE_CURVE ( 'NONE', #229, #515, #970, .T. ) ;
#222 = EDGE_CURVE ( 'NONE', #224, #203, #966, .T. ) ;
#223 = ADVANCED_FACE ( 'NONE', ( #962 ), #961, .F. ) ;
#224 = VERTEX_POINT ( 'NONE', #956 ) ;
#225 = ORIENTED_EDGE ( 'NONE', *, *, #221, .T. ) ;
#226 = ORIENTED_EDGE ( 'NONE', *, *, #230, .F. ) ;
#227 = EDGE_CURVE ( 'NONE', #229, #232, #955, .T. ) ;
#228 = ORIENTED_EDGE ( 'NONE', *, *, #514, .T. ) ;
#229 = VERTEX_POINT ( 'NONE', #951 ) ;
#230 = EDGE_CURVE ( 'NONE', #232, #516, #950, .T. ) ;
#231 = ORIENTED_EDGE ( 'NONE', *, *, #227, .F. ) ;
#232 = VERTEX_POINT ( 'NONE', #1011 ) ;
#233 = ADVANCED_FACE ( 'NONE', ( #1010 ), #1009, .F. ) ;
#234 = ORIENTED_EDGE ( 'NONE', *, *, #134, .F. ) ;
#235 = ORIENTED_EDGE ( 'NONE', *, *, #461, .T. ) ;
#236 = ORIENTED_EDGE ( 'NONE', *, *, #144, .T. ) ;
#237 = ORIENTED_EDGE ( 'NONE', *, *, #241, .F. ) ;
#238 = ADVANCED_FACE ( 'NONE', ( #1004 ), #1003, .F. ) ;
#239 = EDGE_LOOP ( 'NONE', ( #237, #236, #235, #234 ) ) ;
#240 = ORIENTED_EDGE ( 'NONE', *, *, #241, .T. ) ;
#241 = EDGE_CURVE ( 'NONE', #145, #129, #1002, .T. ) ;
#242 = EDGE_LOOP ( 'NONE', ( #243, #181, #240, #194 ) ) ;
#243 = ORIENTED_EDGE ( 'NONE', *, *, #180, .F. ) ;
#244 = EDGE_LOOP ( 'NONE', ( #256, #319, #321, #249 ) ) ;
#245 = EDGE_CURVE ( 'NONE', #252, #260, #994, .T. ) ;
#246 = ORIENTED_EDGE ( 'NONE', *, *, #257, .T. ) ;
#247 = EDGE_CURVE ( 'NONE', #264, #252, #990, .T. ) ;
#248 = ORIENTED_EDGE ( 'NONE', *, *, #261, .F. ) ;
#249 = ORIENTED_EDGE ( 'NONE', *, *, #261, .T. ) ;
#250 = EDGE_CURVE ( 'NONE', #264, #451, #986, .T. ) ;
#251 = ADVANCED_FACE ( 'NONE', ( #982 ), #981, .T. ) ;
#252 = VERTEX_POINT ( 'NONE', #1041 ) ;
#253 = ADVANCED_FACE ( 'NONE', ( #1040 ), #1039, .T. ) ;
#254 = EDGE_LOOP ( 'NONE', ( #259, #248, #322, #246 ) ) ;
#255 = EDGE_LOOP ( 'NONE', ( #500, #501, #502, #504 ) ) ;
#256 = ORIENTED_EDGE ( 'NONE', *, *, #164, .F. ) ;
#257 = EDGE_CURVE ( 'NONE', #260, #449, #1034, .T. ) ;
#258 = ADVANCED_FACE ( 'NONE', ( #1030 ), #1029, .T. ) ;
#259 = ORIENTED_EDGE ( 'NONE', *, *, #97, .F. ) ;
#260 = VERTEX_POINT ( 'NONE', #1024 ) ;
#261 = EDGE_CURVE ( 'NONE', #252, #166, #1023, .T. ) ;
#262 = ORIENTED_EDGE ( 'NONE', *, *, #263, .T. ) ;
#263 = EDGE_CURVE ( 'NONE', #267, #264, #1019, .T. ) ;
#264 = VERTEX_POINT ( 'NONE', #1015 ) ;
#265 = ORIENTED_EDGE ( 'NONE', *, *, #170, .F. ) ;
#266 = EDGE_CURVE ( 'NONE', #267, #450, #759, .T. ) ;
#267 = VERTEX_POINT ( 'NONE', #1074 ) ;
#268 = ORIENTED_EDGE ( 'NONE', *, *, #266, .F. ) ;
#269 = ORIENTED_EDGE ( 'NONE', *, *, #205, .T. ) ;
#270 = ORIENTED_EDGE ( 'NONE', *, *, #230, .T. ) ;
#271 = EDGE_CURVE ( 'NONE', #232, #206, #1073, .T. ) ;
#272 = EDGE_LOOP ( 'NONE', ( #273, #275, #269, #277 ) ) ;
#273 = ORIENTED_EDGE ( 'NONE', *, *, #227, .T. ) ;
#274 = ADVANCED_FACE ( 'NONE', ( #1069 ), #1068, .T. ) ;
#275 = ORIENTED_EDGE ( 'NONE', *, *, #271, .T. ) ;
#276 = ADVANCED_FACE ( 'NONE', ( #1063 ), #1062, .F. ) ;
#277 = ORIENTED_EDGE ( 'NONE', *, *, #215, .T. ) ;
#278 = EDGE_LOOP ( 'NONE', ( #265, #268, #262, #320 ) ) ;
#279 = ORIENTED_EDGE ( 'NONE', *, *, #209, .F. ) ;
#280 = ORIENTED_EDGE ( 'NONE', *, *, #271, .F. ) ;
#281 = EDGE_LOOP ( 'NONE', ( #210, #279, #280, #270 ) ) ;
#282 = VERTEX_POINT ( 'NONE', #1057 ) ;
#283 = EDGE_CURVE ( 'NONE', #284, #342, #1056, .T. ) ;
#284 = VERTEX_POINT ( 'NONE', #1051 ) ;
#285 = EDGE_CURVE ( 'NONE', #359, #342, #1050, .T. ) ;
#286 = VERTEX_POINT ( 'NONE', #1046 ) ;
#287 = ORIENTED_EDGE ( 'NONE', *, *, #288, .F. ) ;
#288 = EDGE_CURVE ( 'NONE', #342, #338, #1108, .T. ) ;
#289 = ADVANCED_FACE ( 'NONE', ( #1109 ), #1102, .T. ) ;
#290 = EDGE_LOOP ( 'NONE', ( #291, #348, #351, #354 ) ) ;
#291 = ORIENTED_EDGE ( 'NONE', *, *, #283, .T. ) ;
#292 = VERTEX_POINT ( 'NONE', #1098 ) ;
#293 = ADVANCED_FACE ( 'NONE', ( #1097 ), #1096, .T. ) ;
#294 = ORIENTED_EDGE ( 'NONE', *, *, #298, .F. ) ;
#295 = ORIENTED_EDGE ( 'NONE', *, *, #296, .F. ) ;
#296 = EDGE_CURVE ( 'NONE', #292, #305, #1091, .T. ) ;
#297 = MANIFOLD_SOLID_BREP ( 'NONE', #693 ) ;
#298 = EDGE_CURVE ( 'NONE', #299, #292, #1087, .T. ) ;
#299 = VERTEX_POINT ( 'NONE', #1082 ) ;
#300 = ORIENTED_EDGE ( 'NONE', *, *, #301, .T. ) ;
#301 = EDGE_CURVE ( 'NONE', #308, #312, #1081, .T. ) ;
#302 = EDGE_LOOP ( 'NONE', ( #294, #306, #303, #295 ) ) ;
#303 = ORIENTED_EDGE ( 'NONE', *, *, #304, .F. ) ;
#304 = EDGE_CURVE ( 'NONE', #305, #308, #1077, .T. ) ;
#305 = VERTEX_POINT ( 'NONE', #1138 ) ;
#306 = ORIENTED_EDGE ( 'NONE', *, *, #307, .T. ) ;
#307 = EDGE_CURVE ( 'NONE', #299, #308, #1137, .T. ) ;
#308 = VERTEX_POINT ( 'NONE', #1133 ) ;
#309 = ADVANCED_FACE ( 'NONE', ( #1132 ), #1131, .T. ) ;
#310 = EDGE_LOOP ( 'NONE', ( #311, #300, #316, #315 ) ) ;
#311 = ORIENTED_EDGE ( 'NONE', *, *, #304, .T. ) ;
#312 = VERTEX_POINT ( 'NONE', #1126 ) ;
#313 = VERTEX_POINT ( 'NONE', #1125 ) ;
#314 = EDGE_CURVE ( 'NONE', #312, #313, #1124, .T. ) ;
#315 = ORIENTED_EDGE ( 'NONE', *, *, #358, .F. ) ;
#316 = ORIENTED_EDGE ( 'NONE', *, *, #314, .T. ) ;
#317 = EDGE_CURVE ( 'NONE', #203, #515, #1119, .T. ) ;
#318 = ORIENTED_EDGE ( 'NONE', *, *, #317, .F. ) ;
#319 = ORIENTED_EDGE ( 'NONE', *, *, #250, .F. ) ;
#320 = ORIENTED_EDGE ( 'NONE', *, *, #250, .T. ) ;
#321 = ORIENTED_EDGE ( 'NONE', *, *, #247, .T. ) ;
#322 = ORIENTED_EDGE ( 'NONE', *, *, #245, .T. ) ;
#323 = EDGE_LOOP ( 'NONE', ( #443, #413, #409, #440 ) ) ;
#324 = ORIENTED_EDGE ( 'NONE', *, *, #349, .F. ) ;
#325 = ORIENTED_EDGE ( 'NONE', *, *, #328, .T. ) ;
#326 = EDGE_LOOP ( 'NONE', ( #341, #357, #325, #345 ) ) ;
#327 = EDGE_CURVE ( 'NONE', #286, #305, #1114, .T. ) ;
#328 = EDGE_CURVE ( 'NONE', #313, #362, #1169, .T. ) ;
#329 = ADVANCED_FACE ( 'NONE', ( #1165 ), #1164, .T. ) ;
#330 = EDGE_CURVE ( 'NONE', #286, #362, #1163, .T. ) ;
#331 = ORIENTED_EDGE ( 'NONE', *, *, #347, .F. ) ;
#332 = ORIENTED_EDGE ( 'NONE', *, *, #333, .T. ) ;
#333 = EDGE_CURVE ( 'NONE', #284, #360, #1155, .T. ) ;
#334 = ADVANCED_FACE ( 'NONE', ( #1154 ), #1148, .T. ) ;
#335 = EDGE_LOOP ( 'NONE', ( #363, #336, #339, #287 ) ) ;
#336 = ORIENTED_EDGE ( 'NONE', *, *, #337, .F. ) ;
#337 = EDGE_CURVE ( 'NONE', #282, #359, #1149, .T. ) ;
#338 = VERTEX_POINT ( 'NONE', #1197 ) ;
#339 = ORIENTED_EDGE ( 'NONE', *, *, #340, .T. ) ;
#340 = EDGE_CURVE ( 'NONE', #282, #338, #1196, .T. ) ;
#341 = ORIENTED_EDGE ( 'NONE', *, *, #327, .T. ) ;
#342 = VERTEX_POINT ( 'NONE', #1192 ) ;
#343 = ORIENTED_EDGE ( 'NONE', *, *, #283, .F. ) ;
#344 = ADVANCED_FACE ( 'NONE', ( #1191 ), #1190, .T. ) ;
#345 = ORIENTED_EDGE ( 'NONE', *, *, #330, .F. ) ;
#346 = EDGE_LOOP ( 'NONE', ( #331, #361, #343, #332 ) ) ;
#347 = EDGE_CURVE ( 'NONE', #359, #360, #1189, .T. ) ;
#348 = ORIENTED_EDGE ( 'NONE', *, *, #349, .T. ) ;
#349 = EDGE_CURVE ( 'NONE', #342, #350, #1180, .T. ) ;
#350 = VERTEX_POINT ( 'NONE', #1176 ) ;
#351 = ORIENTED_EDGE ( 'NONE', *, *, #352, .T. ) ;
#352 = EDGE_CURVE ( 'NONE', #350, #353, #1175, .T. ) ;
#353 = VERTEX_POINT ( 'NONE', #1170 ) ;
#354 = ORIENTED_EDGE ( 'NONE', *, *, #355, .F. ) ;
#355 = EDGE_CURVE ( 'NONE', #284, #353, #1235, .T. ) ;
#356 = ADVANCED_FACE ( 'NONE', ( #1231 ), #1230, .T. ) ;
#357 = ORIENTED_EDGE ( 'NONE', *, *, #358, .T. ) ;
#358 = EDGE_CURVE ( 'NONE', #305, #313, #1229, .T. ) ;
#359 = VERTEX_POINT ( 'NONE', #1221 ) ;
#360 = VERTEX_POINT ( 'NONE', #1220 ) ;
#361 = ORIENTED_EDGE ( 'NONE', *, *, #285, .T. ) ;
#362 = VERTEX_POINT ( 'NONE', #1219 ) ;
#363 = ORIENTED_EDGE ( 'NONE', *, *, #285, .F. ) ;
#364 = ORIENTED_EDGE ( 'NONE', *, *, #398, .F. ) ;
#365 = EDGE_LOOP ( 'NONE', ( #436, #416, #419, #425 ) ) ;
#366 = EDGE_CURVE ( 'NONE', #381, #399, #1218, .T. ) ;
#367 = ADVANCED_FACE ( 'NONE', ( #1213 ), #1212, .T. ) ;
#368 = EDGE_LOOP ( 'NONE', ( #395, #382, #383, #379 ) ) ;
#369 = ADVANCED_FACE ( 'NONE', ( #1207 ), #1206, .T. ) ;
#370 = ORIENTED_EDGE ( 'NONE', *, *, #398, .T. ) ;
#371 = ORIENTED_EDGE ( 'NONE', *, *, #372, .T. ) ;
#372 = EDGE_CURVE ( 'NONE', #338, #373, #1205, .T. ) ;
#373 = VERTEX_POINT ( 'NONE', #1261 ) ;
#374 = EDGE_CURVE ( 'NONE', #360, #397, #1260, .T. ) ;
#375 = ORIENTED_EDGE ( 'NONE', *, *, #385, .F. ) ;
#376 = ORIENTED_EDGE ( 'NONE', *, *, #340, .F. ) ;
#377 = ORIENTED_EDGE ( 'NONE', *, *, #396, .F. ) ;
#378 = EDGE_LOOP ( 'NONE', ( #324, #384, #386, #370 ) ) ;
#379 = ORIENTED_EDGE ( 'NONE', *, *, #374, .T. ) ;
#380 = EDGE_LOOP ( 'NONE', ( #376, #377, #400, #387 ) ) ;
#381 = VERTEX_POINT ( 'NONE', #1256 ) ;
#382 = ORIENTED_EDGE ( 'NONE', *, *, #337, .T. ) ;
#383 = ORIENTED_EDGE ( 'NONE', *, *, #347, .T. ) ;
#384 = ORIENTED_EDGE ( 'NONE', *, *, #288, .T. ) ;
#385 = EDGE_CURVE ( 'NONE', #338, #399, #1255, .T. ) ;
#386 = ORIENTED_EDGE ( 'NONE', *, *, #385, .T. ) ;
#387 = ORIENTED_EDGE ( 'NONE', *, *, #372, .F. ) ;
#388 = ADVANCED_FACE ( 'NONE', ( #1251 ), #1250, .T. ) ;
#389 = ORIENTED_EDGE ( 'NONE', *, *, #467, .T. ) ;
#390 = ORIENTED_EDGE ( 'NONE', *, *, #366, .T. ) ;
#391 = ORIENTED_EDGE ( 'NONE', *, *, #394, .T. ) ;
#392 = ADVANCED_FACE ( 'NONE', ( #1249 ), #1244, .T. ) ;
#393 = EDGE_LOOP ( 'NONE', ( #375, #371, #391, #390 ) ) ;
#394 = EDGE_CURVE ( 'NONE', #373, #381, #1243, .T. ) ;
#395 = ORIENTED_EDGE ( 'NONE', *, *, #396, .T. ) ;
#396 = EDGE_CURVE ( 'NONE', #397, #282, #1297, .T. ) ;
#397 = VERTEX_POINT ( 'NONE', #1292 ) ;
#398 = EDGE_CURVE ( 'NONE', #399, #350, #1291, .T. ) ;
#399 = VERTEX_POINT ( 'NONE', #1286 ) ;
#400 = ORIENTED_EDGE ( 'NONE', *, *, #401, .T. ) ;
#401 = EDGE_CURVE ( 'NONE', #397, #373, #1284, .T. ) ;
#402 = ORIENTED_EDGE ( 'NONE', *, *, #296, .T. ) ;
#403 = ORIENTED_EDGE ( 'NONE', *, *, #327, .F. ) ;
#404 = ORIENTED_EDGE ( 'NONE', *, *, #406, .F. ) ;
#405 = ADVANCED_FACE ( 'NONE', ( #1285, #1283, #1282, #1277, #1276, #1275, #1274 ), #1273, .F. ) ;
#406 = EDGE_CURVE ( 'NONE', #308, #407, #1267, .T. ) ;
#407 = VERTEX_POINT ( 'NONE', #1324 ) ;
#408 = ORIENTED_EDGE ( 'NONE', *, *, #412, .F. ) ;
#409 = ORIENTED_EDGE ( 'NONE', *, *, #410, .T. ) ;
#410 = EDGE_CURVE ( 'NONE', #407, #411, #1323, .T. ) ;
#411 = VERTEX_POINT ( 'NONE', #1319 ) ;
#412 = EDGE_CURVE ( 'NONE', #292, #299, #1318, .T. ) ;
#413 = ORIENTED_EDGE ( 'NONE', *, *, #406, .T. ) ;
#414 = ORIENTED_EDGE ( 'NONE', *, *, #366, .F. ) ;
#415 = ORIENTED_EDGE ( 'NONE', *, *, #430, .T. ) ;
#416 = ORIENTED_EDGE ( 'NONE', *, *, #417, .F. ) ;
#417 = EDGE_CURVE ( 'NONE', #418, #438, #1313, .T. ) ;
#418 = VERTEX_POINT ( 'NONE', #1309 ) ;
#419 = ORIENTED_EDGE ( 'NONE', *, *, #420, .F. ) ;
#420 = EDGE_CURVE ( 'NONE', #421, #418, #1308, .T. ) ;
#421 = VERTEX_POINT ( 'NONE', #1304 ) ;
#422 = ADVANCED_FACE ( 'NONE', ( #1303 ), #1301, .T. ) ;
#423 = ORIENTED_EDGE ( 'NONE', *, *, #424, .T. ) ;
#424 = EDGE_CURVE ( 'NONE', #286, #407, #1358, .T. ) ;
#425 = ORIENTED_EDGE ( 'NONE', *, *, #426, .F. ) ;
#426 = EDGE_CURVE ( 'NONE', #439, #421, #1357, .T. ) ;
#427 = EDGE_LOOP ( 'NONE', ( #428, #435, #490, #485 ) ) ;
#428 = ORIENTED_EDGE ( 'NONE', *, *, #432, .F. ) ;
#429 = EDGE_CURVE ( 'NONE', #411, #312, #1343, .T. ) ;
#430 = EDGE_CURVE ( 'NONE', #381, #353, #1338, .T. ) ;
#431 = ORIENTED_EDGE ( 'NONE', *, *, #352, .F. ) ;
#432 = EDGE_CURVE ( 'NONE', #433, #434, #1334, .T. ) ;
#433 = VERTEX_POINT ( 'NONE', #1330 ) ;
#434 = VERTEX_POINT ( 'NONE', #1329 ) ;
#435 = ORIENTED_EDGE ( 'NONE', *, *, #484, .F. ) ;
#436 = ORIENTED_EDGE ( 'NONE', *, *, #437, .F. ) ;
#437 = EDGE_CURVE ( 'NONE', #438, #439, #1328, .T. ) ;
#438 = VERTEX_POINT ( 'NONE', #1389 ) ;
#439 = VERTEX_POINT ( 'NONE', #1388 ) ;
#440 = ORIENTED_EDGE ( 'NONE', *, *, #429, .T. ) ;
#441 = EDGE_LOOP ( 'NONE', ( #442, #408, #402, #403, #423, #404 ) ) ;
#442 = ORIENTED_EDGE ( 'NONE', *, *, #307, .F. ) ;
#443 = ORIENTED_EDGE ( 'NONE', *, *, #301, .F. ) ;
#444 = EDGE_LOOP ( 'NONE', ( #414, #415, #431, #364 ) ) ;
#445 = ORIENTED_EDGE ( 'NONE', *, *, #446, .T. ) ;
#446 = EDGE_CURVE ( 'NONE', #462, #175, #1387, .T. ) ;
#447 = ORIENTED_EDGE ( 'NONE', *, *, #448, .T. ) ;
#448 = EDGE_CURVE ( 'NONE', #449, #450, #1383, .T. ) ;
#449 = VERTEX_POINT ( 'NONE', #1379 ) ;
#450 = VERTEX_POINT ( 'NONE', #1378 ) ;
#451 = VERTEX_POINT ( 'NONE', #1377 ) ;
#452 = VERTEX_POINT ( 'NONE', #1376 ) ;
#453 = ORIENTED_EDGE ( 'NONE', *, *, #454, .F. ) ;
#454 = EDGE_CURVE ( 'NONE', #455, #472, #1375, .T. ) ;
#455 = VERTEX_POINT ( 'NONE', #1371 ) ;
#456 = ORIENTED_EDGE ( 'NONE', *, *, #478, .F. ) ;
#457 = ORIENTED_EDGE ( 'NONE', *, *, #171, .F. ) ;
#458 = EDGE_CURVE ( 'NONE', #459, #476, #1370, .T. ) ;
#459 = VERTEX_POINT ( 'NONE', #1366 ) ;
#460 = ORIENTED_EDGE ( 'NONE', *, *, #461, .F. ) ;
#461 = EDGE_CURVE ( 'NONE', #462, #459, #1365, .T. ) ;
#462 = VERTEX_POINT ( 'NONE', #1361 ) ;
#463 = EDGE_LOOP ( 'NONE', ( #447, #167, #165, #87 ) ) ;
#464 = VERTEX_POINT ( 'NONE', #1360 ) ;
#465 = VERTEX_POINT ( 'NONE', #1359 ) ;
#466 = VERTEX_POINT ( 'NONE', #1420 ) ;
#467 = EDGE_CURVE ( 'NONE', #465, #79, #1419, .T. ) ;
#468 = ORIENTED_EDGE ( 'NONE', *, *, #469, .F. ) ;
#469 = EDGE_CURVE ( 'NONE', #80, #75, #1415, .T. ) ;
#470 = ORIENTED_EDGE ( 'NONE', *, *, #471, .F. ) ;
#471 = EDGE_CURVE ( 'NONE', #472, #172, #1411, .T. ) ;
#472 = VERTEX_POINT ( 'NONE', #1407 ) ;
#473 = VERTEX_POINT ( 'NONE', #1406 ) ;
#474 = ORIENTED_EDGE ( 'NONE', *, *, #475, .T. ) ;
#475 = EDGE_CURVE ( 'NONE', #473, #476, #1405, .T. ) ;
#476 = VERTEX_POINT ( 'NONE', #1401 ) ;
#477 = ORIENTED_EDGE ( 'NONE', *, *, #458, .F. ) ;
#478 = EDGE_CURVE ( 'NONE', #479, #455, #1400, .T. ) ;
#479 = VERTEX_POINT ( 'NONE', #1396 ) ;
#480 = ORIENTED_EDGE ( 'NONE', *, *, #481, .F. ) ;
#481 = EDGE_CURVE ( 'NONE', #172, #479, #1395, .T. ) ;
#482 = EDGE_LOOP ( 'NONE', ( #72, #73, #125, #126 ) ) ;
#483 = EDGE_LOOP ( 'NONE', ( #389, #457, #77, #74 ) ) ;
#484 = EDGE_CURVE ( 'NONE', #488, #433, #1391, .T. ) ;
#485 = ORIENTED_EDGE ( 'NONE', *, *, #489, .F. ) ;
#486 = EDGE_CURVE ( 'NONE', #487, #488, #1449, .T. ) ;
#487 = VERTEX_POINT ( 'NONE', #1445 ) ;
#488 = VERTEX_POINT ( 'NONE', #1444 ) ;
#489 = EDGE_CURVE ( 'NONE', #434, #487, #1443, .T. ) ;
#490 = ORIENTED_EDGE ( 'NONE', *, *, #486, .F. ) ;
#491 = ORIENTED_EDGE ( 'NONE', *, *, #492, .F. ) ;
#492 = EDGE_CURVE ( 'NONE', #493, #570, #1439, .T. ) ;
#493 = VERTEX_POINT ( 'NONE', #1435 ) ;
#494 = ORIENTED_EDGE ( 'NONE', *, *, #495, .T. ) ;
#495 = EDGE_CURVE ( 'NONE', #493, #433, #1434, .T. ) ;
#496 = ADVANCED_FACE ( 'NONE', ( #1430 ), #1429, .F. ) ;
#497 = EDGE_LOOP ( 'NONE', ( #498, #552, #554, #556 ) ) ;
#498 = ORIENTED_EDGE ( 'NONE', *, *, #489, .T. ) ;
#499 = VERTEX_POINT ( 'NONE', #1424 ) ;
#500 = ORIENTED_EDGE ( 'NONE', *, *, #448, .F. ) ;
#501 = ORIENTED_EDGE ( 'NONE', *, *, #257, .F. ) ;
#502 = ORIENTED_EDGE ( 'NONE', *, *, #503, .T. ) ;
#503 = EDGE_CURVE ( 'NONE', #260, #267, #1423, .T. ) ;
#504 = ORIENTED_EDGE ( 'NONE', *, *, #266, .T. ) ;
#505 = ADVANCED_FACE ( 'NONE', ( #1484 ), #1482, .F. ) ;
#506 = EDGE_LOOP ( 'NONE', ( #507, #508, #509, #510 ) ) ;
#507 = ORIENTED_EDGE ( 'NONE', *, *, #263, .F. ) ;
#508 = ORIENTED_EDGE ( 'NONE', *, *, #503, .F. ) ;
#509 = ORIENTED_EDGE ( 'NONE', *, *, #245, .F. ) ;
#510 = ORIENTED_EDGE ( 'NONE', *, *, #247, .F. ) ;
#511 = EDGE_LOOP ( 'NONE', ( #513, #318, #204, #200 ) ) ;
#512 = ADVANCED_FACE ( 'NONE', ( #1483, #1477 ), #1476, .T. ) ;
#513 = ORIENTED_EDGE ( 'NONE', *, *, #514, .F. ) ;
#514 = EDGE_CURVE ( 'NONE', #515, #516, #1471, .T. ) ;
#515 = VERTEX_POINT ( 'NONE', #1467 ) ;
#516 = VERTEX_POINT ( 'NONE', #1466 ) ;
#517 = ORIENTED_EDGE ( 'NONE', *, *, #171, .T. ) ;
#518 = ORIENTED_EDGE ( 'NONE', *, *, #530, .F. ) ;
#519 = ORIENTED_EDGE ( 'NONE', *, *, #96, .F. ) ;
#520 = EDGE_CURVE ( 'NONE', #154, #110, #1465, .T. ) ;
#521 = ORIENTED_EDGE ( 'NONE', *, *, #520, .T. ) ;
#522 = EDGE_CURVE ( 'NONE', #158, #123, #1461, .T. ) ;
#523 = ORIENTED_EDGE ( 'NONE', *, *, #524, .T. ) ;
#524 = EDGE_CURVE ( 'NONE', #123, #129, #1456, .T. ) ;
#525 = ORIENTED_EDGE ( 'NONE', *, *, #108, .T. ) ;
#526 = ORIENTED_EDGE ( 'NONE', *, *, #527, .T. ) ;
#527 = EDGE_CURVE ( 'NONE', #98, #531, #1517, .T. ) ;
#528 = EDGE_CURVE ( 'NONE', #91, #137, #1513, .T. ) ;
#529 = ORIENTED_EDGE ( 'NONE', *, *, #530, .T. ) ;
#530 = EDGE_CURVE ( 'NONE', #464, #86, #1509, .T. ) ;
#531 = VERTEX_POINT ( 'NONE', #1505 ) ;
#532 = EDGE_CURVE ( 'NONE', #95, #466, #1504, .T. ) ;
#533 = EDGE_CURVE ( 'NONE', #608, #534, #1500, .T. ) ;
#534 = VERTEX_POINT ( 'NONE', #1496 ) ;
#535 = ORIENTED_EDGE ( 'NONE', *, *, #536, .T. ) ;
#536 = EDGE_CURVE ( 'NONE', #534, #452, #1495, .T. ) ;
#537 = ORIENTED_EDGE ( 'NONE', *, *, #178, .T. ) ;
#538 = ADVANCED_FACE ( 'NONE', ( #1491 ), #1490, .F. ) ;
#539 = EDGE_LOOP ( 'NONE', ( #590, #593, #595, #596 ) ) ;
#540 = ORIENTED_EDGE ( 'NONE', *, *, #553, .T. ) ;
#541 = ADVANCED_FACE ( 'NONE', ( #1550 ), #1549, .F. ) ;
#542 = EDGE_LOOP ( 'NONE', ( #543, #544, #545, #547 ) ) ;
#543 = ORIENTED_EDGE ( 'NONE', *, *, #484, .T. ) ;
#544 = ORIENTED_EDGE ( 'NONE', *, *, #495, .F. ) ;
#545 = ORIENTED_EDGE ( 'NONE', *, *, #546, .F. ) ;
#546 = EDGE_CURVE ( 'NONE', #562, #493, #1544, .T. ) ;
#547 = ORIENTED_EDGE ( 'NONE', *, *, #561, .T. ) ;
#548 = ADVANCED_FACE ( 'NONE', ( #1540 ), #1539, .T. ) ;
#549 = EDGE_LOOP ( 'NONE', ( #550, #551, #602, #603 ) ) ;
#550 = ORIENTED_EDGE ( 'NONE', *, *, #492, .T. ) ;
#551 = ORIENTED_EDGE ( 'NONE', *, *, #555, .T. ) ;
#552 = ORIENTED_EDGE ( 'NONE', *, *, #553, .F. ) ;
#553 = EDGE_CURVE ( 'NONE', #499, #487, #1534, .T. ) ;
#554 = ORIENTED_EDGE ( 'NONE', *, *, #555, .F. ) ;
#555 = EDGE_CURVE ( 'NONE', #570, #499, #1530, .T. ) ;
#556 = ORIENTED_EDGE ( 'NONE', *, *, #569, .T. ) ;
#557 = ADVANCED_FACE ( 'NONE', ( #1526 ), #1525, .F. ) ;
#558 = EDGE_LOOP ( 'NONE', ( #559, #560, #563, #540 ) ) ;
#559 = ORIENTED_EDGE ( 'NONE', *, *, #486, .T. ) ;
#560 = ORIENTED_EDGE ( 'NONE', *, *, #561, .F. ) ;
#561 = EDGE_CURVE ( 'NONE', #562, #488, #1520, .T. ) ;
#562 = VERTEX_POINT ( 'NONE', #1581 ) ;
#563 = ORIENTED_EDGE ( 'NONE', *, *, #564, .F. ) ;
#564 = EDGE_CURVE ( 'NONE', #499, #562, #1580, .T. ) ;
#565 = ADVANCED_FACE ( 'NONE', ( #1576 ), #1575, .F. ) ;
#566 = EDGE_LOOP ( 'NONE', ( #567, #568, #491, #494 ) ) ;
#567 = ORIENTED_EDGE ( 'NONE', *, *, #432, .T. ) ;
#568 = ORIENTED_EDGE ( 'NONE', *, *, #569, .F. ) ;
#569 = EDGE_CURVE ( 'NONE', #570, #434, #1570, .T. ) ;
#570 = VERTEX_POINT ( 'NONE', #1566 ) ;
#571 = ADVANCED_FACE ( 'NONE', ( #1565 ), #1564, .F. ) ;
#572 = EDGE_LOOP ( 'NONE', ( #573, #630, #632, #633 ) ) ;
#573 = ORIENTED_EDGE ( 'NONE', *, *, #574, .F. ) ;
#574 = EDGE_CURVE ( 'NONE', #575, #421, #1559, .T. ) ;
#575 = VERTEX_POINT ( 'NONE', #1555 ) ;
#576 = ORIENTED_EDGE ( 'NONE', *, *, #577, .F. ) ;
#577 = EDGE_CURVE ( 'NONE', #592, #601, #1554, .T. ) ;
#578 = ORIENTED_EDGE ( 'NONE', *, *, #591, .T. ) ;
#579 = ORIENTED_EDGE ( 'NONE', *, *, #82, .T. ) ;
#580 = ADVANCED_FACE ( 'NONE', ( #1613 ), #1612, .F. ) ;
#581 = EDGE_LOOP ( 'NONE', ( #582, #583, #585, #586 ) ) ;
#582 = ORIENTED_EDGE ( 'NONE', *, *, #536, .F. ) ;
#583 = ORIENTED_EDGE ( 'NONE', *, *, #584, .T. ) ;
#584 = EDGE_CURVE ( 'NONE', #534, #601, #1607, .T. ) ;
#585 = ORIENTED_EDGE ( 'NONE', *, *, #600, .T. ) ;
#586 = ORIENTED_EDGE ( 'NONE', *, *, #127, .T. ) ;
#587 = ADVANCED_FACE ( 'NONE', ( #1603 ), #1602, .F. ) ;
#588 = EDGE_LOOP ( 'NONE', ( #643, #645, #648, #650 ) ) ;
#589 = VERTEX_POINT ( 'NONE', #1597 ) ;
#590 = ORIENTED_EDGE ( 'NONE', *, *, #591, .F. ) ;
#591 = EDGE_CURVE ( 'NONE', #592, #75, #1596, .T. ) ;
#592 = VERTEX_POINT ( 'NONE', #1592 ) ;
#593 = ORIENTED_EDGE ( 'NONE', *, *, #594, .T. ) ;
#594 = EDGE_CURVE ( 'NONE', #592, #608, #1591, .T. ) ;
#595 = ORIENTED_EDGE ( 'NONE', *, *, #607, .T. ) ;
#596 = ORIENTED_EDGE ( 'NONE', *, *, #469, .T. ) ;
#597 = ADVANCED_FACE ( 'NONE', ( #1587 ), #1586, .F. ) ;
#598 = EDGE_LOOP ( 'NONE', ( #599, #576, #578, #579 ) ) ;
#599 = ORIENTED_EDGE ( 'NONE', *, *, #600, .F. ) ;
#600 = EDGE_CURVE ( 'NONE', #601, #162, #1648, .T. ) ;
#601 = VERTEX_POINT ( 'NONE', #1644 ) ;
#602 = ORIENTED_EDGE ( 'NONE', *, *, #564, .T. ) ;
#603 = ORIENTED_EDGE ( 'NONE', *, *, #546, .T. ) ;
#604 = ADVANCED_FACE ( 'NONE', ( #1643 ), #1642, .F. ) ;
#605 = EDGE_LOOP ( 'NONE', ( #606, #609, #535, #537 ) ) ;
#606 = ORIENTED_EDGE ( 'NONE', *, *, #607, .F. ) ;
#607 = EDGE_CURVE ( 'NONE', #608, #80, #1637, .T. ) ;
#608 = VERTEX_POINT ( 'NONE', #1633 ) ;
#609 = ORIENTED_EDGE ( 'NONE', *, *, #533, .T. ) ;
#610 = ORIENTED_EDGE ( 'NONE', *, *, #611, .T. ) ;
#611 = EDGE_CURVE ( 'NONE', #688, #626, #1632, .T. ) ;
#612 = ORIENTED_EDGE ( 'NONE', *, *, #625, .T. ) ;
#613 = ORIENTED_EDGE ( 'NONE', *, *, #481, .T. ) ;
#614 = EDGE_LOOP ( 'NONE', ( #671, #674, #676, #677 ) ) ;
#615 = ORIENTED_EDGE ( 'NONE', *, *, #420, .T. ) ;
#616 = ADVANCED_FACE ( 'NONE', ( #1628 ), #1627, .F. ) ;
#617 = ORIENTED_EDGE ( 'NONE', *, *, #649, .F. ) ;
#618 = ORIENTED_EDGE ( 'NONE', *, *, #619, .T. ) ;
#619 = EDGE_CURVE ( 'NONE', #647, #638, #1622, .T. ) ;
#620 = ORIENTED_EDGE ( 'NONE', *, *, #637, .T. ) ;
#621 = ORIENTED_EDGE ( 'NONE', *, *, #417, .T. ) ;
#622 = ADVANCED_FACE ( 'NONE', ( #1618 ), #1617, .F. ) ;
#623 = EDGE_LOOP ( 'NONE', ( #624, #627, #681, #683 ) ) ;
#624 = ORIENTED_EDGE ( 'NONE', *, *, #625, .F. ) ;
#625 = EDGE_CURVE ( 'NONE', #626, #172, #1677, .T. ) ;
#626 = VERTEX_POINT ( 'NONE', #1673 ) ;
#627 = ORIENTED_EDGE ( 'NONE', *, *, #628, .T. ) ;
#628 = EDGE_CURVE ( 'NONE', #626, #629, #1672, .T. ) ;
#629 = VERTEX_POINT ( 'NONE', #1668 ) ;
#630 = ORIENTED_EDGE ( 'NONE', *, *, #631, .T. ) ;
#631 = EDGE_CURVE ( 'NONE', #575, #589, #1667, .T. ) ;
#632 = ORIENTED_EDGE ( 'NONE', *, *, #644, .T. ) ;
#633 = ORIENTED_EDGE ( 'NONE', *, *, #426, .T. ) ;
#634 = ADVANCED_FACE ( 'NONE', ( #1663 ), #1662, .F. ) ;
#635 = EDGE_LOOP ( 'NONE', ( #636, #639, #641, #615 ) ) ;
#636 = ORIENTED_EDGE ( 'NONE', *, *, #637, .F. ) ;
#637 = EDGE_CURVE ( 'NONE', #638, #418, #1657, .T. ) ;
#638 = VERTEX_POINT ( 'NONE', #1653 ) ;
#639 = ORIENTED_EDGE ( 'NONE', *, *, #640, .F. ) ;
#640 = EDGE_CURVE ( 'NONE', #575, #638, #1652, .T. ) ;
#641 = ORIENTED_EDGE ( 'NONE', *, *, #574, .T. ) ;
#642 = EDGE_LOOP ( 'NONE', ( #617, #618, #620, #621 ) ) ;
#643 = ORIENTED_EDGE ( 'NONE', *, *, #644, .F. ) ;
#644 = EDGE_CURVE ( 'NONE', #589, #439, #1712, .T. ) ;
#645 = ORIENTED_EDGE ( 'NONE', *, *, #646, .T. ) ;
#646 = EDGE_CURVE ( 'NONE', #589, #647, #1708, .T. ) ;
#647 = VERTEX_POINT ( 'NONE', #1704 ) ;
#648 = ORIENTED_EDGE ( 'NONE', *, *, #649, .T. ) ;
#649 = EDGE_CURVE ( 'NONE', #647, #438, #1703, .T. ) ;
#650 = ORIENTED_EDGE ( 'NONE', *, *, #437, .T. ) ;
#651 = ORIENTED_EDGE ( 'NONE', *, *, #584, .F. ) ;
#652 = ORIENTED_EDGE ( 'NONE', *, *, #533, .F. ) ;
#653 = ORIENTED_EDGE ( 'NONE', *, *, #594, .F. ) ;
#654 = ADVANCED_FACE ( 'NONE', ( #1699 ), #1698, .T. ) ;
#655 = EDGE_LOOP ( 'NONE', ( #656, #705 ) ) ;
#656 = ORIENTED_EDGE ( 'NONE', *, *, #412, .T. ) ;
#657 = ORIENTED_EDGE ( 'NONE', *, *, #658, .T. ) ;
#658 = EDGE_CURVE ( 'NONE', #629, #673, #1693, .T. ) ;
#659 = ORIENTED_EDGE ( 'NONE', *, *, #672, .T. ) ;
#660 = ORIENTED_EDGE ( 'NONE', *, *, #454, .T. ) ;
#661 = ADVANCED_FACE ( 'NONE', ( #1689 ), #1688, .F. ) ;
#662 = EDGE_LOOP ( 'NONE', ( #663, #664, #665, #666 ) ) ;
#663 = ORIENTED_EDGE ( 'NONE', *, *, #675, .T. ) ;
#664 = ORIENTED_EDGE ( 'NONE', *, *, #658, .F. ) ;
#665 = ORIENTED_EDGE ( 'NONE', *, *, #628, .F. ) ;
#666 = ORIENTED_EDGE ( 'NONE', *, *, #611, .F. ) ;
#667 = ADVANCED_FACE ( 'NONE', ( #1683 ), #1682, .F. ) ;
#668 = EDGE_LOOP ( 'NONE', ( #669, #717, #718, #719 ) ) ;
#669 = ORIENTED_EDGE ( 'NONE', *, *, #640, .T. ) ;
#670 = ADVANCED_FACE ( 'NONE', ( #1743 ), #1742, .F. ) ;
#671 = ORIENTED_EDGE ( 'NONE', *, *, #672, .F. ) ;
#672 = EDGE_CURVE ( 'NONE', #673, #455, #1737, .T. ) ;
#673 = VERTEX_POINT ( 'NONE', #1733 ) ;
#674 = ORIENTED_EDGE ( 'NONE', *, *, #675, .F. ) ;
#675 = EDGE_CURVE ( 'NONE', #688, #673, #1732, .T. ) ;
#676 = ORIENTED_EDGE ( 'NONE', *, *, #687, .T. ) ;
#677 = ORIENTED_EDGE ( 'NONE', *, *, #478, .T. ) ;
#678 = ADVANCED_FACE ( 'NONE', ( #1728 ), #1727, .F. ) ;
#679 = EDGE_LOOP ( 'NONE', ( #680, #657, #659, #660 ) ) ;
#680 = ORIENTED_EDGE ( 'NONE', *, *, #682, .F. ) ;
#681 = ORIENTED_EDGE ( 'NONE', *, *, #682, .T. ) ;
#682 = EDGE_CURVE ( 'NONE', #629, #472, #1722, .T. ) ;
#683 = ORIENTED_EDGE ( 'NONE', *, *, #471, .T. ) ;
#684 = ADVANCED_FACE ( 'NONE', ( #1718 ), #1717, .F. ) ;
#685 = EDGE_LOOP ( 'NONE', ( #686, #610, #612, #613 ) ) ;
#686 = ORIENTED_EDGE ( 'NONE', *, *, #687, .F. ) ;
#687 = EDGE_CURVE ( 'NONE', #688, #479, #1779, .T. ) ;
#688 = VERTEX_POINT ( 'NONE', #1775 ) ;
#689 = ORIENTED_EDGE ( 'NONE', *, *, #394, .F. ) ;
#690 = ORIENTED_EDGE ( 'NONE', *, *, #401, .F. ) ;
#691 = ORIENTED_EDGE ( 'NONE', *, *, #374, .F. ) ;
#692 = ORIENTED_EDGE ( 'NONE', *, *, #333, .F. ) ;
#693 = CLOSED_SHELL ( 'NONE', ( #571, #667, #587, #405, #634, #616, #604, #309, #344, #695, #622, #597, #121, #557, #684, #670, #141, #102, #580, #541, #289, #392, #356, #388, #678, #496, #538, #565, #701, #128, #720, #293, #422, #661, #187, #177, #183, #706, #712, #238, #512, #548, #89, #83, #329, #369, #334, #367, #654, #251, #258, #253, #274, #223, #208, #218, #233, #505, #276 ) ) ;
#694 = ORIENTED_EDGE ( 'NONE', *, *, #109, .F. ) ;
#695 = ADVANCED_FACE ( 'NONE', ( #1774 ), #1773, .T. ) ;
#696 = EDGE_LOOP ( 'NONE', ( #697, #698, #699, #700 ) ) ;
#697 = ORIENTED_EDGE ( 'NONE', *, *, #330, .T. ) ;
#698 = ORIENTED_EDGE ( 'NONE', *, *, #71, .F. ) ;
#699 = ORIENTED_EDGE ( 'NONE', *, *, #410, .F. ) ;
#700 = ORIENTED_EDGE ( 'NONE', *, *, #424, .F. ) ;
#701 = ADVANCED_FACE ( 'NONE', ( #1768 ), #1767, .T. ) ;
#702 = EDGE_LOOP ( 'NONE', ( #703, #704, #689, #690, #691, #692 ) ) ;
#703 = ORIENTED_EDGE ( 'NONE', *, *, #355, .T. ) ;
#704 = ORIENTED_EDGE ( 'NONE', *, *, #430, .F. ) ;
#705 = ORIENTED_EDGE ( 'NONE', *, *, #298, .T. ) ;
#706 = ADVANCED_FACE ( 'NONE', ( #1762 ), #1761, .T. ) ;
#707 = EDGE_LOOP ( 'NONE', ( #708, #709, #710, #711 ) ) ;
#708 = ORIENTED_EDGE ( 'NONE', *, *, #189, .F. ) ;
#709 = ORIENTED_EDGE ( 'NONE', *, *, #122, .F. ) ;
#710 = ORIENTED_EDGE ( 'NONE', *, *, #527, .F. ) ;
#711 = ORIENTED_EDGE ( 'NONE', *, *, #101, .F. ) ;
#712 = ADVANCED_FACE ( 'NONE', ( #1756 ), #1755, .T. ) ;
#713 = EDGE_LOOP ( 'NONE', ( #714, #715, #716, #694 ) ) ;
#714 = ORIENTED_EDGE ( 'NONE', *, *, #520, .F. ) ;
#715 = ORIENTED_EDGE ( 'NONE', *, *, #155, .F. ) ;
#716 = ORIENTED_EDGE ( 'NONE', *, *, #475, .F. ) ;
#717 = ORIENTED_EDGE ( 'NONE', *, *, #619, .F. ) ;
#718 = ORIENTED_EDGE ( 'NONE', *, *, #646, .F. ) ;
#719 = ORIENTED_EDGE ( 'NONE', *, *, #631, .F. ) ;
#720 = ADVANCED_FACE ( 'NONE', ( #1750 ), #1749, .F. ) ;
#721 = EDGE_LOOP ( 'NONE', ( #722, #651, #652, #653 ) ) ;
#722 = ORIENTED_EDGE ( 'NONE', *, *, #577, .T. ) ;
#723 = CARTESIAN_POINT ( 'NONE',  ( -3.200000000000000600, 5.400000000000000400, 2.100000000000000100 ) ) ;
#724 = DIRECTION ( 'NONE',  ( -1.000000000000000000, -1.355252715606880500E-016, 0.0000000000000000000 ) ) ;
#725 = VECTOR ( 'NONE', #724, 1000.000000000000000 ) ;
#726 = CARTESIAN_POINT ( 'NONE',  ( -3.200000000000000600, 5.400000000000000400, 2.100000000000000100 ) ) ;
#727 = LINE ( 'NONE', #726, #725 ) ;
#728 = CARTESIAN_POINT ( 'NONE',  ( -1.499999999999999600, 5.400000000000001200, 2.100000000000000100 ) ) ;
#729 = DIRECTION ( 'NONE',  ( 1.000000000000000000, 1.355252715606880500E-016, 0.0000000000000000000 ) ) ;
#730 = DIRECTION ( 'NONE',  ( 1.355252715606880500E-016, -1.000000000000000000, 0.0000000000000000000 ) ) ;
#731 = CARTESIAN_POINT ( 'NONE',  ( -3.200000000000000600, 5.400000000000000400, 2.100000000000000100 ) ) ;
#732 = AXIS2_PLACEMENT_3D ( 'NONE', #731, #730, #729 ) ;
#733 = PLANE ( 'NONE',  #732 ) ;
#734 = FACE_OUTER_BOUND ( 'NONE', #105, .T. ) ;
#735 = CARTESIAN_POINT ( 'NONE',  ( 3.199999999999999700, 5.400000000000001200, 2.100000000000000100 ) ) ;
#736 = DIRECTION ( 'NONE',  ( 1.000000000000000000, 1.355252715606880500E-016, 0.0000000000000000000 ) ) ;
#737 = DIRECTION ( 'NONE',  ( 1.355252715606880500E-016, -1.000000000000000000, 0.0000000000000000000 ) ) ;
#738 = CARTESIAN_POINT ( 'NONE',  ( -3.200000000000000600, 5.400000000000000400, 2.100000000000000100 ) ) ;
#739 = AXIS2_PLACEMENT_3D ( 'NONE', #738, #737, #736 ) ;
#740 = PLANE ( 'NONE',  #739 ) ;
#741 = FACE_OUTER_BOUND ( 'NONE', #106, .T. ) ;
#742 = DIRECTION ( 'NONE',  ( 1.734723475976811600E-015, 1.925929944387240900E-031, 1.000000000000000000 ) ) ;
#743 = VECTOR ( 'NONE', #742, 1000.000000000000000 ) ;
#744 = CARTESIAN_POINT ( 'NONE',  ( -2.400000000000000400, -2.939055249173705600E-016, -1.500000000000000000 ) ) ;
#745 = LINE ( 'NONE', #744, #743 ) ;
#746 = DIRECTION ( 'NONE',  ( 1.000000000000000000, 1.224606353822377500E-016, 0.0000000000000000000 ) ) ;
#747 = VECTOR ( 'NONE', #746, 1000.000000000000000 ) ;
#748 = CARTESIAN_POINT ( 'NONE',  ( -3.199999999999999300, 0.0000000000000000000, 2.100000000000000100 ) ) ;
#749 = LINE ( 'NONE', #748, #747 ) ;
#750 = CARTESIAN_POINT ( 'NONE',  ( -2.600000000000000100, 7.347638122934255400E-017, -1.500000000000000000 ) ) ;
#751 = CARTESIAN_POINT ( 'NONE',  ( 3.200000000000000200, 7.837480664463213700E-016, -2.100000000000000100 ) ) ;
#752 = CARTESIAN_POINT ( 'NONE',  ( -2.399999999999999900, 9.796850830579010900E-017, -1.499999999999999600 ) ) ;
#753 = DIRECTION ( 'NONE',  ( -1.000000000000000000, -1.224606353822377500E-016, 0.0000000000000000000 ) ) ;
#754 = VECTOR ( 'NONE', #753, 1000.000000000000000 ) ;
#755 = CARTESIAN_POINT ( 'NONE',  ( -0.3570714214271420400, -4.372719314480659400E-017, -1.599999999999999900 ) ) ;
#756 = LINE ( 'NONE', #755, #754 ) ;
#757 = CARTESIAN_POINT ( 'NONE',  ( 5.071572502235439900E-016, -0.5999999999999965400, -1.250000000000000000 ) ) ;
#758 = CARTESIAN_POINT ( 'NONE',  ( 1.510000000000000500, 4.800000000000001600, 0.1999999999999999300 ) ) ;
#759 = LINE ( 'NONE', #758, #1076 ) ;
#760 = DIRECTION ( 'NONE',  ( 0.0000000000000000000, 0.0000000000000000000, -1.000000000000000000 ) ) ;
#761 = VECTOR ( 'NONE', #760, 1000.000000000000000 ) ;
#762 = CARTESIAN_POINT ( 'NONE',  ( -3.200000000000000600, 5.400000000000000400, 2.100000000000000100 ) ) ;
#763 = LINE ( 'NONE', #762, #761 ) ;
#764 = DIRECTION ( 'NONE',  ( -1.000000000000000000, -1.355252715606880500E-016, 0.0000000000000000000 ) ) ;
#765 = VECTOR ( 'NONE', #764, 1000.000000000000000 ) ;
#766 = CARTESIAN_POINT ( 'NONE',  ( -3.200000000000000600, 5.400000000000000400, 2.100000000000000100 ) ) ;
#767 = LINE ( 'NONE', #766, #765 ) ;
#768 = DIRECTION ( 'NONE',  ( -1.000000000000000000, 0.0000000000000000000, 0.0000000000000000000 ) ) ;
#769 = DIRECTION ( 'NONE',  ( 0.0000000000000000000, 0.0000000000000000000, -1.000000000000000000 ) ) ;
#770 = CARTESIAN_POINT ( 'NONE',  ( -3.200000000000000600, 5.400000000000000400, 2.100000000000000100 ) ) ;
#771 = AXIS2_PLACEMENT_3D ( 'NONE', #770, #769, #768 ) ;
#772 = PLANE ( 'NONE',  #771 ) ;
#773 = FACE_OUTER_BOUND ( 'NONE', #94, .T. ) ;
#774 = DIRECTION ( 'NONE',  ( -1.000000000000000000, -1.355252715606880500E-016, 0.0000000000000000000 ) ) ;
#775 = VECTOR ( 'NONE', #774, 1000.000000000000000 ) ;
#776 = CARTESIAN_POINT ( 'NONE',  ( -3.200000000000000600, 5.400000000000000400, -1.400000000000001000 ) ) ;
#777 = LINE ( 'NONE', #776, #775 ) ;
#778 = DIRECTION ( 'NONE',  ( 0.0000000000000000000, 0.0000000000000000000, -1.000000000000000000 ) ) ;
#779 = VECTOR ( 'NONE', #778, 1000.000000000000000 ) ;
#780 = CARTESIAN_POINT ( 'NONE',  ( -1.499999999999999600, 5.400000000000001200, 2.100000000000000100 ) ) ;
#781 = LINE ( 'NONE', #780, #779 ) ;
#782 = CARTESIAN_POINT ( 'NONE',  ( -3.200000000000000600, 5.400000000000000400, -1.400000000000000600 ) ) ;
#783 = DIRECTION ( 'NONE',  ( 0.0000000000000000000, 1.000000000000000000, 1.581128168208027700E-016 ) ) ;
#784 = VECTOR ( 'NONE', #783, 1000.000000000000000 ) ;
#785 = CARTESIAN_POINT ( 'NONE',  ( 1.500000000000000400, 3.600000000000001400, -0.2000000000000004000 ) ) ;
#786 = LINE ( 'NONE', #785, #784 ) ;
#787 = DIRECTION ( 'NONE',  ( 0.0000000000000000000, 0.0000000000000000000, -1.000000000000000000 ) ) ;
#788 = VECTOR ( 'NONE', #787, 1000.000000000000000 ) ;
#789 = CARTESIAN_POINT ( 'NONE',  ( 3.199999999999999700, 5.400000000000001200, 2.100000000000000100 ) ) ;
#790 = LINE ( 'NONE', #789, #788 ) ;
#791 = DIRECTION ( 'NONE',  ( -1.000000000000000000, -8.031127203596329400E-017, 0.0000000000000000000 ) ) ;
#792 = CARTESIAN_POINT ( 'NONE',  ( 3.200000000000000200, 7.837480664463213700E-016, 2.100000000000000100 ) ) ;
#793 = AXIS2_PLACEMENT_3D ( 'NONE', #792, #791, #854 ) ;
#794 = PLANE ( 'NONE',  #793 ) ;
#795 = FACE_OUTER_BOUND ( 'NONE', #132, .T. ) ;
#796 = DIRECTION ( 'NONE',  ( -1.000000000000000000, -1.224606353822375300E-016, 6.505213034913009200E-015 ) ) ;
#797 = VECTOR ( 'NONE', #796, 1000.000000000000000 ) ;
#798 = CARTESIAN_POINT ( 'NONE',  ( -2.600000000000000100, -3.183976519938180700E-016, -1.000000000000000000 ) ) ;
#799 = LINE ( 'NONE', #798, #797 ) ;
#800 = CARTESIAN_POINT ( 'NONE',  ( -1.499999999999999600, 4.699999999999999300, -2.100000000000000100 ) ) ;
#801 = CARTESIAN_POINT ( 'NONE',  ( -0.4999999999999930600, 1.500000000000000900, -2.100000000000000100 ) ) ;
#802 = DIRECTION ( 'NONE',  ( 1.000000000000000000, 1.355252715606880500E-016, 0.0000000000000000000 ) ) ;
#803 = VECTOR ( 'NONE', #802, 1000.000000000000000 ) ;
#804 = CARTESIAN_POINT ( 'NONE',  ( -1.499999999999999600, 4.700000000000000200, -2.100000000000000100 ) ) ;
#805 = LINE ( 'NONE', #804, #803 ) ;
#806 = DIRECTION ( 'NONE',  ( -1.000000000000000000, 0.0000000000000000000, 0.0000000000000000000 ) ) ;
#807 = DIRECTION ( 'NONE',  ( 0.0000000000000000000, 0.0000000000000000000, -1.000000000000000000 ) ) ;
#808 = CARTESIAN_POINT ( 'NONE',  ( -3.200000000000000600, 5.400000000000000400, -2.100000000000000100 ) ) ;
#809 = AXIS2_PLACEMENT_3D ( 'NONE', #808, #807, #806 ) ;
#810 = PLANE ( 'NONE',  #809 ) ;
#811 = FACE_OUTER_BOUND ( 'NONE', #111, .T. ) ;
#812 = DIRECTION ( 'NONE',  ( 2.409338161078898700E-016, -1.000000000000000000, 0.0000000000000000000 ) ) ;
#813 = VECTOR ( 'NONE', #812, 1000.000000000000000 ) ;
#814 = CARTESIAN_POINT ( 'NONE',  ( -3.199999999999999300, 0.0000000000000000000, -2.100000000000000100 ) ) ;
#815 = LINE ( 'NONE', #814, #813 ) ;
#816 = CARTESIAN_POINT ( 'NONE',  ( -1.499999999999999600, 5.400000000000001200, -1.400000000000000100 ) ) ;
#817 = CARTESIAN_POINT ( 'NONE',  ( 3.200000000000000200, 5.400000000000001200, -1.400000000000000800 ) ) ;
#818 = DIRECTION ( 'NONE',  ( -1.000000000000000000, -1.355252715606880500E-016, 0.0000000000000000000 ) ) ;
#819 = VECTOR ( 'NONE', #818, 1000.000000000000000 ) ;
#820 = CARTESIAN_POINT ( 'NONE',  ( 1.499999999999999600, 5.400000000000001200, -1.400000000000001000 ) ) ;
#821 = LINE ( 'NONE', #820, #819 ) ;
#822 = CARTESIAN_POINT ( 'NONE',  ( -0.4999999999999930600, 1.500000000000000900, 2.100000000000000100 ) ) ;
#823 = CARTESIAN_POINT ( 'NONE',  ( 0.4999999999999930600, 1.500000000000000900, 2.100000000000000100 ) ) ;
#824 = DIRECTION ( 'NONE',  ( -1.000000000000000000, 0.0000000000000000000, 0.0000000000000000000 ) ) ;
#825 = DIRECTION ( 'NONE',  ( 0.0000000000000000000, 0.0000000000000000000, 1.000000000000000000 ) ) ;
#826 = CARTESIAN_POINT ( 'NONE',  ( 0.5000000000000000000, 2.500000000000000400, 2.100000000000000100 ) ) ;
#827 = AXIS2_PLACEMENT_3D ( 'NONE', #826, #825, #824 ) ;
#828 = CIRCLE ( 'NONE', #827, 0.9999999999999995600 ) ;
#829 = DIRECTION ( 'NONE',  ( -2.409338161078898700E-016, 1.000000000000000000, 0.0000000000000000000 ) ) ;
#830 = DIRECTION ( 'NONE',  ( 1.000000000000000000, 2.409338161078898700E-016, 0.0000000000000000000 ) ) ;
#831 = CARTESIAN_POINT ( 'NONE',  ( -3.199999999999999300, 0.0000000000000000000, 2.100000000000000100 ) ) ;
#832 = AXIS2_PLACEMENT_3D ( 'NONE', #831, #830, #829 ) ;
#833 = PLANE ( 'NONE',  #832 ) ;
#834 = FACE_OUTER_BOUND ( 'NONE', #143, .T. ) ;
#835 = DIRECTION ( 'NONE',  ( -8.031127203596329400E-017, 1.000000000000000000, 0.0000000000000000000 ) ) ;
#836 = VECTOR ( 'NONE', #835, 1000.000000000000000 ) ;
#837 = CARTESIAN_POINT ( 'NONE',  ( 3.200000000000000200, 7.837480664463213700E-016, -2.100000000000000100 ) ) ;
#838 = LINE ( 'NONE', #837, #836 ) ;
#839 = CARTESIAN_POINT ( 'NONE',  ( -1.499999999999999800, 2.500000000000008000, 2.100000000000000100 ) ) ;
#840 = DIRECTION ( 'NONE',  ( 1.000000000000000000, 0.0000000000000000000, 0.0000000000000000000 ) ) ;
#841 = VECTOR ( 'NONE', #840, 1000.000000000000000 ) ;
#842 = CARTESIAN_POINT ( 'NONE',  ( -0.4999999999999930600, 1.500000000000000900, 2.100000000000000100 ) ) ;
#843 = LINE ( 'NONE', #842, #841 ) ;
#844 = DIRECTION ( 'NONE',  ( -7.477256361969012500E-017, -1.000000000000000000, 0.0000000000000000000 ) ) ;
#845 = VECTOR ( 'NONE', #844, 1000.000000000000000 ) ;
#846 = CARTESIAN_POINT ( 'NONE',  ( -1.499999999999999600, 5.400000000000001200, -2.100000000000000100 ) ) ;
#847 = LINE ( 'NONE', #846, #845 ) ;
#848 = DIRECTION ( 'NONE',  ( -1.000000000000000000, 0.0000000000000000000, 0.0000000000000000000 ) ) ;
#849 = DIRECTION ( 'NONE',  ( 0.0000000000000000000, 0.0000000000000000000, 1.000000000000000000 ) ) ;
#850 = CARTESIAN_POINT ( 'NONE',  ( 0.5000000000000000000, 2.500000000000000400, -2.100000000000000100 ) ) ;
#851 = AXIS2_PLACEMENT_3D ( 'NONE', #850, #849, #848 ) ;
#852 = CIRCLE ( 'NONE', #851, 0.9999999999999995600 ) ;
#853 = CARTESIAN_POINT ( 'NONE',  ( 0.4999999999999930600, 1.500000000000000900, -2.100000000000000100 ) ) ;
#854 = DIRECTION ( 'NONE',  ( 8.031127203596329400E-017, -1.000000000000000000, 0.0000000000000000000 ) ) ;
#855 = DIRECTION ( 'NONE',  ( 0.0000000000000000000, 0.0000000000000000000, -1.000000000000000000 ) ) ;
#856 = VECTOR ( 'NONE', #855, 1000.000000000000000 ) ;
#857 = CARTESIAN_POINT ( 'NONE',  ( -3.199999999999999300, 0.0000000000000000000, 2.100000000000000100 ) ) ;
#858 = LINE ( 'NONE', #857, #856 ) ;
#859 = CARTESIAN_POINT ( 'NONE',  ( 2.399999999999999900, 6.857795581405313400E-016, -1.500000000000000000 ) ) ;
#860 = DIRECTION ( 'NONE',  ( 0.0000000000000000000, 0.0000000000000000000, -1.000000000000000000 ) ) ;
#861 = VECTOR ( 'NONE', #860, 1000.000000000000000 ) ;
#862 = CARTESIAN_POINT ( 'NONE',  ( 3.200000000000000200, 7.837480664463213700E-016, 2.100000000000000100 ) ) ;
#863 = LINE ( 'NONE', #862, #861 ) ;
#864 = DIRECTION ( 'NONE',  ( 0.0000000000000000000, -1.000000000000000000, -1.129377263005734100E-016 ) ) ;
#865 = VECTOR ( 'NONE', #864, 1000.000000000000000 ) ;
#866 = CARTESIAN_POINT ( 'NONE',  ( 1.500000000000000400, 3.600000000000001400, 0.1999999999999997900 ) ) ;
#867 = LINE ( 'NONE', #866, #865 ) ;
#868 = CARTESIAN_POINT ( 'NONE',  ( 1.500000000000000400, 3.600000000000001400, -0.2000000000000004000 ) ) ;
#869 = DIRECTION ( 'NONE',  ( 0.0000000000000000000, 0.0000000000000000000, -1.000000000000000000 ) ) ;
#870 = VECTOR ( 'NONE', #869, 1000.000000000000000 ) ;
#871 = CARTESIAN_POINT ( 'NONE',  ( 1.500000000000000400, 3.600000000000001400, 0.1999999999999997900 ) ) ;
#872 = LINE ( 'NONE', #871, #870 ) ;
#873 = CARTESIAN_POINT ( 'NONE',  ( -2.399999999999998600, 9.796850830579028200E-017, -1.000000000000001300 ) ) ;
#874 = CARTESIAN_POINT ( 'NONE',  ( -1.499999999999999800, 2.500000000000008000, -2.100000000000000100 ) ) ;
#875 = DIRECTION ( 'NONE',  ( 1.000000000000000000, 1.355252715606880500E-016, 0.0000000000000000000 ) ) ;
#876 = VECTOR ( 'NONE', #875, 1000.000000000000000 ) ;
#877 = CARTESIAN_POINT ( 'NONE',  ( 3.199999999999999700, 4.700000000000000200, -2.100000000000000100 ) ) ;
#878 = LINE ( 'NONE', #877, #876 ) ;
#879 = CARTESIAN_POINT ( 'NONE',  ( 3.200000000000000200, 4.700000000000000200, -2.100000000000000100 ) ) ;
#880 = DIRECTION ( 'NONE',  ( 1.000000000000000000, 0.0000000000000000000, 0.0000000000000000000 ) ) ;
#881 = DIRECTION ( 'NONE',  ( 0.0000000000000000000, 0.0000000000000000000, 1.000000000000000000 ) ) ;
#882 = CARTESIAN_POINT ( 'NONE',  ( -0.5000000000000000000, 2.500000000000000400, 2.100000000000000100 ) ) ;
#883 = AXIS2_PLACEMENT_3D ( 'NONE', #882, #881, #880 ) ;
#884 = CIRCLE ( 'NONE', #883, 0.9999999999999995600 ) ;
#885 = FACE_OUTER_BOUND ( 'NONE', #190, .T. ) ;
#886 = DIRECTION ( 'NONE',  ( 0.0000000000000000000, 0.0000000000000000000, -1.000000000000000000 ) ) ;
#887 = VECTOR ( 'NONE', #886, 1000.000000000000000 ) ;
#888 = CARTESIAN_POINT ( 'NONE',  ( -1.499999999999999800, 2.500000000000008000, 2.100000000000000100 ) ) ;
#889 = LINE ( 'NONE', #888, #887 ) ;
#890 = DIRECTION ( 'NONE',  ( 0.0000000000000000000, 0.0000000000000000000, 1.000000000000000000 ) ) ;
#891 = DIRECTION ( 'NONE',  ( 0.0000000000000000000, 1.000000000000000000, 0.0000000000000000000 ) ) ;
#892 = CARTESIAN_POINT ( 'NONE',  ( -0.4999999999999930600, 1.500000000000000900, 2.100000000000000100 ) ) ;
#893 = AXIS2_PLACEMENT_3D ( 'NONE', #892, #891, #890 ) ;
#894 = PLANE ( 'NONE',  #893 ) ;
#895 = FACE_OUTER_BOUND ( 'NONE', #242, .T. ) ;
#896 = DIRECTION ( 'NONE',  ( 0.0000000000000000000, 0.0000000000000000000, -1.000000000000000000 ) ) ;
#897 = VECTOR ( 'NONE', #896, 1000.000000000000000 ) ;
#898 = CARTESIAN_POINT ( 'NONE',  ( -0.4999999999999930600, 1.500000000000000900, 2.100000000000000100 ) ) ;
#899 = LINE ( 'NONE', #898, #897 ) ;
#900 = DIRECTION ( 'NONE',  ( 0.0000000000000000000, 0.0000000000000000000, -1.000000000000000000 ) ) ;
#901 = VECTOR ( 'NONE', #900, 1000.000000000000000 ) ;
#902 = CARTESIAN_POINT ( 'NONE',  ( -2.600000000000000100, -3.183976519938180700E-016, -1.500000000000000000 ) ) ;
#903 = LINE ( 'NONE', #902, #901 ) ;
#904 = DIRECTION ( 'NONE',  ( 7.477256361969012500E-017, -1.000000000000000000, 0.0000000000000000000 ) ) ;
#905 = DIRECTION ( 'NONE',  ( -1.000000000000000000, -7.477256361969012500E-017, 0.0000000000000000000 ) ) ;
#906 = CARTESIAN_POINT ( 'NONE',  ( 1.499999999999999800, 2.500000000000008000, 2.100000000000000100 ) ) ;
#907 = AXIS2_PLACEMENT_3D ( 'NONE', #906, #905, #904 ) ;
#908 = PLANE ( 'NONE',  #907 ) ;
#909 = FACE_BOUND ( 'NONE', #463, .T. ) ;
#910 = FACE_OUTER_BOUND ( 'NONE', #169, .T. ) ;
#911 = DIRECTION ( 'NONE',  ( 0.0000000000000000000, 0.0000000000000000000, -1.000000000000000000 ) ) ;
#912 = VECTOR ( 'NONE', #911, 1000.000000000000000 ) ;
#913 = CARTESIAN_POINT ( 'NONE',  ( 1.499999999999999600, 5.400000000000001200, 2.100000000000000100 ) ) ;
#914 = LINE ( 'NONE', #913, #912 ) ;
#915 = CARTESIAN_POINT ( 'NONE',  ( 1.499999999999999600, 5.400000000000001200, 2.100000000000000100 ) ) ;
#916 = DIRECTION ( 'NONE',  ( 1.000000000000000000, 9.856383386231858800E-017, 0.0000000000000000000 ) ) ;
#917 = VECTOR ( 'NONE', #916, 1000.000000000000000 ) ;
#918 = CARTESIAN_POINT ( 'NONE',  ( -1.510000000000000500, 3.600000000000001400, -0.2000000000000004000 ) ) ;
#919 = LINE ( 'NONE', #918, #917 ) ;
#920 = DIRECTION ( 'NONE',  ( 1.000000000000000000, 9.856383386231858800E-017, 0.0000000000000000000 ) ) ;
#921 = DIRECTION ( 'NONE',  ( 9.856383386231858800E-017, -1.000000000000000000, 0.0000000000000000000 ) ) ;
#922 = CARTESIAN_POINT ( 'NONE',  ( -1.510000000000000500, 3.600000000000001400, 0.1999999999999997900 ) ) ;
#923 = AXIS2_PLACEMENT_3D ( 'NONE', #922, #921, #920 ) ;
#924 = PLANE ( 'NONE',  #923 ) ;
#925 = FACE_OUTER_BOUND ( 'NONE', #281, .T. ) ;
#926 = CARTESIAN_POINT ( 'NONE',  ( -1.510000000000000500, 3.600000000000001400, -0.2000000000000004000 ) ) ;
#927 = DIRECTION ( 'NONE',  ( 0.0000000000000000000, 1.000000000000000000, 1.581128168208027700E-016 ) ) ;
#928 = VECTOR ( 'NONE', #927, 1000.000000000000000 ) ;
#929 = CARTESIAN_POINT ( 'NONE',  ( -1.510000000000000500, 3.600000000000001400, -0.2000000000000004000 ) ) ;
#930 = LINE ( 'NONE', #929, #928 ) ;
#931 = CARTESIAN_POINT ( 'NONE',  ( -1.500000000000000400, 4.800000000000001600, -0.2000000000000002100 ) ) ;
#932 = CARTESIAN_POINT ( 'NONE',  ( -1.500000000000000400, 3.600000000000001400, -0.2000000000000004000 ) ) ;
#933 = DIRECTION ( 'NONE',  ( 0.0000000000000000000, 1.000000000000000000, 1.581128168208027700E-016 ) ) ;
#934 = VECTOR ( 'NONE', #933, 1000.000000000000000 ) ;
#935 = CARTESIAN_POINT ( 'NONE',  ( -1.500000000000000400, 3.600000000000001400, -0.2000000000000004000 ) ) ;
#936 = LINE ( 'NONE', #935, #934 ) ;
#937 = DIRECTION ( 'NONE',  ( 0.0000000000000000000, 0.0000000000000000000, -1.000000000000000000 ) ) ;
#938 = VECTOR ( 'NONE', #937, 1000.000000000000000 ) ;
#939 = CARTESIAN_POINT ( 'NONE',  ( -1.500000000000000400, 3.600000000000001400, 0.1999999999999997900 ) ) ;
#940 = LINE ( 'NONE', #939, #938 ) ;
#941 = DIRECTION ( 'NONE',  ( 5.287218678218550100E-017, 0.7071067811865483500, 0.7071067811865466800 ) ) ;
#942 = VECTOR ( 'NONE', #941, 1000.000000000000000 ) ;
#943 = CARTESIAN_POINT ( 'NONE',  ( -1.499999999999999300, 7.150000000000002100, 0.3499999999999959300 ) ) ;
#944 = LINE ( 'NONE', #943, #942 ) ;
#945 = DIRECTION ( 'NONE',  ( -1.000000000000000000, 0.0000000000000000000, 0.0000000000000000000 ) ) ;
#946 = DIRECTION ( 'NONE',  ( 0.0000000000000000000, 0.0000000000000000000, -1.000000000000000000 ) ) ;
#947 = CARTESIAN_POINT ( 'NONE',  ( -0.5000000000000000000, 2.500000000000000400, 2.100000000000000100 ) ) ;
#948 = AXIS2_PLACEMENT_3D ( 'NONE', #947, #946, #945 ) ;
#949 = CYLINDRICAL_SURFACE ( 'NONE', #948, 0.9999999999999995600 ) ;
#950 = LINE ( 'NONE', #1014, #1013 ) ;
#951 = CARTESIAN_POINT ( 'NONE',  ( -1.510000000000000500, 4.800000000000001600, 0.1999999999999999300 ) ) ;
#952 = DIRECTION ( 'NONE',  ( 0.0000000000000000000, -1.000000000000000000, -1.129377263005734100E-016 ) ) ;
#953 = VECTOR ( 'NONE', #952, 1000.000000000000000 ) ;
#954 = CARTESIAN_POINT ( 'NONE',  ( -1.510000000000000500, 3.600000000000001400, 0.1999999999999997900 ) ) ;
#955 = LINE ( 'NONE', #954, #953 ) ;
#956 = CARTESIAN_POINT ( 'NONE',  ( -1.510000000000000500, 4.800000000000001600, -0.2000000000000002100 ) ) ;
#957 = DIRECTION ( 'NONE',  ( 0.0000000000000000000, 1.000000000000000000, 1.581128168208028000E-016 ) ) ;
#958 = DIRECTION ( 'NONE',  ( -1.558420540862881400E-032, 1.581128168208028000E-016, -1.000000000000000000 ) ) ;
#959 = CARTESIAN_POINT ( 'NONE',  ( -1.510000000000000500, 3.600000000000001400, -0.2000000000000004000 ) ) ;
#960 = AXIS2_PLACEMENT_3D ( 'NONE', #959, #958, #957 ) ;
#961 = PLANE ( 'NONE',  #960 ) ;
#962 = FACE_OUTER_BOUND ( 'NONE', #212, .T. ) ;
#963 = DIRECTION ( 'NONE',  ( 1.000000000000000000, 9.856383386231858800E-017, 0.0000000000000000000 ) ) ;
#964 = VECTOR ( 'NONE', #963, 1000.000000000000000 ) ;
#965 = CARTESIAN_POINT ( 'NONE',  ( -1.510000000000000500, 4.800000000000001600, -0.2000000000000002100 ) ) ;
#966 = LINE ( 'NONE', #965, #964 ) ;
#967 = DIRECTION ( 'NONE',  ( 1.000000000000000000, 9.856383386231858800E-017, 0.0000000000000000000 ) ) ;
#968 = VECTOR ( 'NONE', #967, 1000.000000000000000 ) ;
#969 = CARTESIAN_POINT ( 'NONE',  ( -1.510000000000000500, 4.800000000000001600, 0.1999999999999999300 ) ) ;
#970 = LINE ( 'NONE', #969, #968 ) ;
#971 = DIRECTION ( 'NONE',  ( -1.000000000000000000, -9.856383386231858800E-017, 0.0000000000000000000 ) ) ;
#972 = DIRECTION ( 'NONE',  ( -9.856383386231858800E-017, 1.000000000000000000, 0.0000000000000000000 ) ) ;
#973 = CARTESIAN_POINT ( 'NONE',  ( -1.510000000000000500, 4.800000000000001600, 0.1999999999999999300 ) ) ;
#974 = AXIS2_PLACEMENT_3D ( 'NONE', #973, #972, #971 ) ;
#975 = PLANE ( 'NONE',  #974 ) ;
#976 = FACE_OUTER_BOUND ( 'NONE', #217, .T. ) ;
#977 = DIRECTION ( 'NONE',  ( 0.0000000000000000000, 0.0000000000000000000, 1.000000000000000000 ) ) ;
#978 = VECTOR ( 'NONE', #977, 1000.000000000000000 ) ;
#979 = CARTESIAN_POINT ( 'NONE',  ( -1.510000000000000500, 4.800000000000001600, 0.1999999999999999300 ) ) ;
#980 = LINE ( 'NONE', #979, #978 ) ;
#981 = PLANE ( 'NONE',  #1045 ) ;
#982 = FACE_OUTER_BOUND ( 'NONE', #244, .T. ) ;
#983 = DIRECTION ( 'NONE',  ( -1.000000000000000000, 9.856383386231858800E-017, 0.0000000000000000000 ) ) ;
#984 = VECTOR ( 'NONE', #983, 1000.000000000000000 ) ;
#985 = CARTESIAN_POINT ( 'NONE',  ( 1.510000000000000500, 3.600000000000001400, 0.1999999999999997900 ) ) ;
#986 = LINE ( 'NONE', #985, #984 ) ;
#987 = DIRECTION ( 'NONE',  ( 0.0000000000000000000, 0.0000000000000000000, -1.000000000000000000 ) ) ;
#988 = VECTOR ( 'NONE', #987, 1000.000000000000000 ) ;
#989 = CARTESIAN_POINT ( 'NONE',  ( 1.510000000000000500, 3.600000000000001400, 0.1999999999999997900 ) ) ;
#990 = LINE ( 'NONE', #989, #988 ) ;
#991 = DIRECTION ( 'NONE',  ( 0.0000000000000000000, 1.000000000000000000, 1.581128168208027700E-016 ) ) ;
#992 = VECTOR ( 'NONE', #991, 1000.000000000000000 ) ;
#993 = CARTESIAN_POINT ( 'NONE',  ( 1.510000000000000500, 3.600000000000001400, -0.2000000000000004000 ) ) ;
#994 = LINE ( 'NONE', #993, #992 ) ;
#995 = DIRECTION ( 'NONE',  ( 0.0000000000000000000, 0.0000000000000000000, -1.000000000000000000 ) ) ;
#996 = VECTOR ( 'NONE', #995, 1000.000000000000000 ) ;
#997 = CARTESIAN_POINT ( 'NONE',  ( 0.4999999999999930600, 1.500000000000000900, 2.100000000000000100 ) ) ;
#998 = DIRECTION ( 'NONE',  ( -1.000000000000000000, 0.0000000000000000000, 0.0000000000000000000 ) ) ;
#999 = DIRECTION ( 'NONE',  ( 0.0000000000000000000, 0.0000000000000000000, -1.000000000000000000 ) ) ;
#1000 = CARTESIAN_POINT ( 'NONE',  ( 0.5000000000000000000, 2.500000000000000400, 2.100000000000000100 ) ) ;
#1001 = AXIS2_PLACEMENT_3D ( 'NONE', #1000, #999, #998 ) ;
#1002 = LINE ( 'NONE', #997, #996 ) ;
#1003 = CYLINDRICAL_SURFACE ( 'NONE', #1001, 0.9999999999999995600 ) ;
#1004 = FACE_OUTER_BOUND ( 'NONE', #239, .T. ) ;
#1005 = DIRECTION ( 'NONE',  ( 0.0000000000000000000, -1.000000000000000000, -1.129377263005734400E-016 ) ) ;
#1006 = DIRECTION ( 'NONE',  ( 1.113157529187772600E-032, -1.129377263005734400E-016, 1.000000000000000000 ) ) ;
#1007 = CARTESIAN_POINT ( 'NONE',  ( -1.510000000000000500, 3.600000000000001400, 0.1999999999999997900 ) ) ;
#1008 = AXIS2_PLACEMENT_3D ( 'NONE', #1007, #1006, #1005 ) ;
#1009 = PLANE ( 'NONE',  #1008 ) ;
#1010 = FACE_OUTER_BOUND ( 'NONE', #196, .T. ) ;
#1011 = CARTESIAN_POINT ( 'NONE',  ( -1.510000000000000500, 3.600000000000001400, 0.1999999999999997900 ) ) ;
#1012 = DIRECTION ( 'NONE',  ( 1.000000000000000000, 9.856383386231858800E-017, 0.0000000000000000000 ) ) ;
#1013 = VECTOR ( 'NONE', #1012, 1000.000000000000000 ) ;
#1014 = CARTESIAN_POINT ( 'NONE',  ( -1.510000000000000500, 3.600000000000001400, 0.1999999999999997900 ) ) ;
#1015 = CARTESIAN_POINT ( 'NONE',  ( 1.510000000000000500, 3.600000000000001400, 0.1999999999999997900 ) ) ;
#1016 = DIRECTION ( 'NONE',  ( 0.0000000000000000000, -1.000000000000000000, -1.129377263005734100E-016 ) ) ;
#1017 = VECTOR ( 'NONE', #1016, 1000.000000000000000 ) ;
#1018 = CARTESIAN_POINT ( 'NONE',  ( 1.510000000000000500, 3.600000000000001400, 0.1999999999999997900 ) ) ;
#1019 = LINE ( 'NONE', #1018, #1017 ) ;
#1020 = DIRECTION ( 'NONE',  ( -1.000000000000000000, 9.856383386231858800E-017, 0.0000000000000000000 ) ) ;
#1021 = VECTOR ( 'NONE', #1020, 1000.000000000000000 ) ;
#1022 = CARTESIAN_POINT ( 'NONE',  ( 1.510000000000000500, 3.600000000000001400, -0.2000000000000004000 ) ) ;
#1023 = LINE ( 'NONE', #1022, #1021 ) ;
#1024 = CARTESIAN_POINT ( 'NONE',  ( 1.510000000000000500, 4.800000000000001600, -0.2000000000000002100 ) ) ;
#1025 = DIRECTION ( 'NONE',  ( 1.000000000000000000, -9.856383386231858800E-017, 0.0000000000000000000 ) ) ;
#1026 = DIRECTION ( 'NONE',  ( -9.856383386231858800E-017, -1.000000000000000000, 0.0000000000000000000 ) ) ;
#1027 = CARTESIAN_POINT ( 'NONE',  ( 1.510000000000000500, 4.800000000000001600, 0.1999999999999999300 ) ) ;
#1028 = AXIS2_PLACEMENT_3D ( 'NONE', #1027, #1026, #1025 ) ;
#1029 = PLANE ( 'NONE',  #1028 ) ;
#1030 = FACE_OUTER_BOUND ( 'NONE', #255, .T. ) ;
#1031 = DIRECTION ( 'NONE',  ( -1.000000000000000000, 9.856383386231858800E-017, 0.0000000000000000000 ) ) ;
#1032 = VECTOR ( 'NONE', #1031, 1000.000000000000000 ) ;
#1033 = CARTESIAN_POINT ( 'NONE',  ( 1.510000000000000500, 4.800000000000001600, -0.2000000000000002100 ) ) ;
#1034 = LINE ( 'NONE', #1033, #1032 ) ;
#1035 = DIRECTION ( 'NONE',  ( 0.0000000000000000000, -1.000000000000000000, -1.581128168208028000E-016 ) ) ;
#1036 = DIRECTION ( 'NONE',  ( -1.558420540862881400E-032, -1.581128168208028000E-016, 1.000000000000000000 ) ) ;
#1037 = CARTESIAN_POINT ( 'NONE',  ( 1.510000000000000500, 3.600000000000001400, -0.2000000000000004000 ) ) ;
#1038 = AXIS2_PLACEMENT_3D ( 'NONE', #1037, #1036, #1035 ) ;
#1039 = PLANE ( 'NONE',  #1038 ) ;
#1040 = FACE_OUTER_BOUND ( 'NONE', #254, .T. ) ;
#1041 = CARTESIAN_POINT ( 'NONE',  ( 1.510000000000000500, 3.600000000000001400, -0.2000000000000004000 ) ) ;
#1042 = DIRECTION ( 'NONE',  ( -1.000000000000000000, 9.856383386231858800E-017, 0.0000000000000000000 ) ) ;
#1043 = DIRECTION ( 'NONE',  ( 9.856383386231858800E-017, 1.000000000000000000, 0.0000000000000000000 ) ) ;
#1044 = CARTESIAN_POINT ( 'NONE',  ( 1.510000000000000500, 3.600000000000001400, 0.1999999999999997900 ) ) ;
#1045 = AXIS2_PLACEMENT_3D ( 'NONE', #1044, #1043, #1042 ) ;
#1046 = CARTESIAN_POINT ( 'NONE',  ( -0.3570714214271419300, -0.5999999999999960900, -1.599999999999999900 ) ) ;
#1047 = DIRECTION ( 'NONE',  ( 0.7071067811865469100, 0.7071067811865482400, 8.659274570719350500E-017 ) ) ;
#1048 = VECTOR ( 'NONE', #1047, 1000.000000000000000 ) ;
#1049 = CARTESIAN_POINT ( 'NONE',  ( 0.4999999999999973900, -0.7999999999999999300, 1.250000000000000000 ) ) ;
#1050 = LINE ( 'NONE', #1049, #1048 ) ;
#1051 = CARTESIAN_POINT ( 'NONE',  ( 0.6062177826491065300, -0.5999999999999967600, 1.600000000000000300 ) ) ;
#1052 = DIRECTION ( 'NONE',  ( 1.000000000000000000, 1.548860246407863600E-016, 0.0000000000000000000 ) ) ;
#1053 = DIRECTION ( 'NONE',  ( -1.224606353822376500E-016, 1.000000000000000000, 0.0000000000000000000 ) ) ;
#1054 = CARTESIAN_POINT ( 'NONE',  ( 5.071572502235439900E-016, -0.5999999999999965400, 1.250000000000000000 ) ) ;
#1055 = AXIS2_PLACEMENT_3D ( 'NONE', #1054, #1053, #1052 ) ;
#1056 = CIRCLE ( 'NONE', #1055, 0.6999999999999999600 ) ;
#1057 = CARTESIAN_POINT ( 'NONE',  ( -0.4999999999999963400, -0.8000000000000001600, 1.250000000000000000 ) ) ;
#1058 = DIRECTION ( 'NONE',  ( 0.0000000000000000000, 0.0000000000000000000, 1.000000000000000000 ) ) ;
#1059 = DIRECTION ( 'NONE',  ( -1.000000000000000000, 0.0000000000000000000, 0.0000000000000000000 ) ) ;
#1060 = CARTESIAN_POINT ( 'NONE',  ( -1.510000000000000500, 4.800000000000001600, 0.1999999999999999300 ) ) ;
#1061 = AXIS2_PLACEMENT_3D ( 'NONE', #1060, #1059, #1058 ) ;
#1062 = PLANE ( 'NONE',  #1061 ) ;
#1063 = FACE_OUTER_BOUND ( 'NONE', #272, .T. ) ;
#1064 = DIRECTION ( 'NONE',  ( 0.0000000000000000000, 1.000000000000000000, 1.129377263005734400E-016 ) ) ;
#1065 = DIRECTION ( 'NONE',  ( 1.113157529187772600E-032, 1.129377263005734400E-016, -1.000000000000000000 ) ) ;
#1066 = CARTESIAN_POINT ( 'NONE',  ( 1.510000000000000500, 3.600000000000001400, 0.1999999999999997900 ) ) ;
#1067 = AXIS2_PLACEMENT_3D ( 'NONE', #1066, #1065, #1064 ) ;
#1068 = PLANE ( 'NONE',  #1067 ) ;
#1069 = FACE_OUTER_BOUND ( 'NONE', #278, .T. ) ;
#1070 = DIRECTION ( 'NONE',  ( 0.0000000000000000000, 0.0000000000000000000, -1.000000000000000000 ) ) ;
#1071 = VECTOR ( 'NONE', #1070, 1000.000000000000000 ) ;
#1072 = CARTESIAN_POINT ( 'NONE',  ( -1.510000000000000500, 3.600000000000001400, 0.1999999999999997900 ) ) ;
#1073 = LINE ( 'NONE', #1072, #1071 ) ;
#1074 = CARTESIAN_POINT ( 'NONE',  ( 1.510000000000000500, 4.800000000000001600, 0.1999999999999999300 ) ) ;
#1075 = DIRECTION ( 'NONE',  ( -1.000000000000000000, 9.856383386231858800E-017, 0.0000000000000000000 ) ) ;
#1076 = VECTOR ( 'NONE', #1075, 1000.000000000000000 ) ;
#1077 = CIRCLE ( 'NONE', #1142, 0.5000000000000000000 ) ;
#1078 = DIRECTION ( 'NONE',  ( -1.224606353822377500E-016, 1.000000000000000000, 0.0000000000000000000 ) ) ;
#1079 = VECTOR ( 'NONE', #1078, 1000.000000000000000 ) ;
#1080 = CARTESIAN_POINT ( 'NONE',  ( 0.5000000000000005600, -0.7999999999999999300, -1.250000000000000000 ) ) ;
#1081 = LINE ( 'NONE', #1080, #1079 ) ;
#1082 = CARTESIAN_POINT ( 'NONE',  ( 0.2999999999999968800, -0.8000000000000000400, -1.250000000000000000 ) ) ;
#1083 = DIRECTION ( 'NONE',  ( 1.000000000000000000, 0.0000000000000000000, 0.0000000000000000000 ) ) ;
#1084 = DIRECTION ( 'NONE',  ( 1.224606353822377500E-016, -1.000000000000000000, 0.0000000000000000000 ) ) ;
#1085 = CARTESIAN_POINT ( 'NONE',  ( 5.316493772999919900E-016, -0.8000000000000000400, -1.250000000000000000 ) ) ;
#1086 = AXIS2_PLACEMENT_3D ( 'NONE', #1085, #1084, #1083 ) ;
#1087 = CIRCLE ( 'NONE', #1086, 0.2999999999999963300 ) ;
#1088 = DIRECTION ( 'NONE',  ( -0.7071067811865480200, 0.7071067811865470200, 0.0000000000000000000 ) ) ;
#1089 = VECTOR ( 'NONE', #1088, 1000.000000000000000 ) ;
#1090 = CARTESIAN_POINT ( 'NONE',  ( -0.2999999999999958300, -0.8000000000000000400, -1.250000000000000000 ) ) ;
#1091 = LINE ( 'NONE', #1090, #1089 ) ;
#1092 = DIRECTION ( 'NONE',  ( -1.000000000000000000, 0.0000000000000000000, 0.0000000000000000000 ) ) ;
#1093 = DIRECTION ( 'NONE',  ( -1.224606353822376500E-016, 1.000000000000000000, 0.0000000000000000000 ) ) ;
#1094 = CARTESIAN_POINT ( 'NONE',  ( 5.316493772999919900E-016, -0.8000000000000000400, -1.250000000000000000 ) ) ;
#1095 = AXIS2_PLACEMENT_3D ( 'NONE', #1094, #1093, #1092 ) ;
#1096 = CONICAL_SURFACE ( 'NONE', #1095, 0.2999999999999963300, 0.7853981633974488300 ) ;
#1097 = FACE_OUTER_BOUND ( 'NONE', #302, .T. ) ;
#1098 = CARTESIAN_POINT ( 'NONE',  ( -0.2999999999999958300, -0.8000000000000000400, -1.250000000000000000 ) ) ;
#1099 = DIRECTION ( 'NONE',  ( -1.000000000000000000, -1.548860246407863600E-016, 0.0000000000000000000 ) ) ;
#1100 = DIRECTION ( 'NONE',  ( -1.224606353822377500E-016, 1.000000000000000000, 0.0000000000000000000 ) ) ;
#1101 = AXIS2_PLACEMENT_3D ( 'NONE', #1103, #1100, #1099 ) ;
#1102 = CYLINDRICAL_SURFACE ( 'NONE', #1101, 0.6999999999999999600 ) ;
#1103 = CARTESIAN_POINT ( 'NONE',  ( 5.316493772999919900E-016, -0.8000000000000000400, 1.250000000000000000 ) ) ;
#1104 = DIRECTION ( 'NONE',  ( 1.000000000000000000, 1.548860246407863600E-016, 0.0000000000000000000 ) ) ;
#1105 = DIRECTION ( 'NONE',  ( -1.224606353822376500E-016, 1.000000000000000000, 0.0000000000000000000 ) ) ;
#1106 = CARTESIAN_POINT ( 'NONE',  ( 5.071572502235439900E-016, -0.5999999999999965400, 1.250000000000000000 ) ) ;
#1107 = AXIS2_PLACEMENT_3D ( 'NONE', #1106, #1105, #1104 ) ;
#1108 = CIRCLE ( 'NONE', #1107, 0.6999999999999999600 ) ;
#1109 = FACE_OUTER_BOUND ( 'NONE', #290, .T. ) ;
#1110 = DIRECTION ( 'NONE',  ( 1.000000000000000000, 2.168404344971008900E-016, 1.734723475976807100E-015 ) ) ;
#1111 = DIRECTION ( 'NONE',  ( -1.224606353822376500E-016, 1.000000000000000000, 0.0000000000000000000 ) ) ;
#1112 = CARTESIAN_POINT ( 'NONE',  ( 5.071572502235439900E-016, -0.5999999999999965400, -1.250000000000000000 ) ) ;
#1113 = AXIS2_PLACEMENT_3D ( 'NONE', #1112, #1111, #1110 ) ;
#1114 = CIRCLE ( 'NONE', #1113, 0.5000000000000000000 ) ;
#1115 = CARTESIAN_POINT ( 'NONE',  ( 4.336808689942016700E-016, 4.336808689942017700E-016, -1.250000000000000000 ) ) ;
#1116 = DIRECTION ( 'NONE',  ( 0.0000000000000000000, 0.0000000000000000000, 1.000000000000000000 ) ) ;
#1117 = VECTOR ( 'NONE', #1116, 1000.000000000000000 ) ;
#1118 = CARTESIAN_POINT ( 'NONE',  ( -1.500000000000000400, 4.800000000000001600, 0.1999999999999999300 ) ) ;
#1119 = LINE ( 'NONE', #1118, #1117 ) ;
#1120 = DIRECTION ( 'NONE',  ( -1.000000000000000000, -1.224606353822377500E-016, 0.0000000000000000000 ) ) ;
#1121 = DIRECTION ( 'NONE',  ( 1.224606353822377500E-016, -1.000000000000000000, 0.0000000000000000000 ) ) ;
#1122 = CARTESIAN_POINT ( 'NONE',  ( 4.336808689942016700E-016, 4.336808689942017700E-016, -1.250000000000000000 ) ) ;
#1123 = AXIS2_PLACEMENT_3D ( 'NONE', #1122, #1121, #1120 ) ;
#1124 = CIRCLE ( 'NONE', #1123, 0.5000000000000000000 ) ;
#1125 = CARTESIAN_POINT ( 'NONE',  ( -0.4999999999999995600, 3.724505513030829100E-016, -1.250000000000000000 ) ) ;
#1126 = CARTESIAN_POINT ( 'NONE',  ( 0.5000000000000004400, 4.949111866853206400E-016, -1.250000000000000000 ) ) ;
#1127 = DIRECTION ( 'NONE',  ( -1.000000000000000000, -2.168404344971008900E-016, 0.0000000000000000000 ) ) ;
#1128 = DIRECTION ( 'NONE',  ( -1.224606353822377500E-016, 1.000000000000000000, 0.0000000000000000000 ) ) ;
#1129 = CARTESIAN_POINT ( 'NONE',  ( 5.316493772999919900E-016, -0.8000000000000000400, -1.250000000000000000 ) ) ;
#1130 = AXIS2_PLACEMENT_3D ( 'NONE', #1129, #1128, #1127 ) ;
#1131 = CYLINDRICAL_SURFACE ( 'NONE', #1130, 0.5000000000000000000 ) ;
#1132 = FACE_OUTER_BOUND ( 'NONE', #310, .T. ) ;
#1133 = CARTESIAN_POINT ( 'NONE',  ( 0.5000000000000005600, -0.5999999999999964300, -1.250000000000000000 ) ) ;
#1134 = DIRECTION ( 'NONE',  ( 0.7071067811865479100, 0.7071067811865472400, 8.659274570719360300E-017 ) ) ;
#1135 = VECTOR ( 'NONE', #1134, 999.9999999999998900 ) ;
#1136 = CARTESIAN_POINT ( 'NONE',  ( 0.2999999999999968800, -0.8000000000000000400, -1.250000000000000000 ) ) ;
#1137 = LINE ( 'NONE', #1136, #1135 ) ;
#1138 = CARTESIAN_POINT ( 'NONE',  ( -0.4999999999999994400, -0.5999999999999966500, -1.250000000000000000 ) ) ;
#1139 = DIRECTION ( 'NONE',  ( 1.000000000000000000, 2.168404344971008900E-016, 0.0000000000000000000 ) ) ;
#1140 = DIRECTION ( 'NONE',  ( -1.224606353822376500E-016, 1.000000000000000000, 0.0000000000000000000 ) ) ;
#1141 = CARTESIAN_POINT ( 'NONE',  ( 5.071572502235439900E-016, -0.5999999999999965400, -1.250000000000000000 ) ) ;
#1142 = AXIS2_PLACEMENT_3D ( 'NONE', #1141, #1140, #1139 ) ;
#1143 = AXIS2_PLACEMENT_3D ( 'NONE', #1200, #1199, #1198 ) ;
#1144 = DIRECTION ( 'NONE',  ( -1.000000000000000000, -2.168404344971022400E-016, 0.0000000000000000000 ) ) ;
#1145 = DIRECTION ( 'NONE',  ( -1.224606353822376500E-016, 1.000000000000000000, 0.0000000000000000000 ) ) ;
#1146 = CARTESIAN_POINT ( 'NONE',  ( 5.316493772999919900E-016, -0.8000000000000000400, 1.250000000000000000 ) ) ;
#1147 = AXIS2_PLACEMENT_3D ( 'NONE', #1146, #1145, #1144 ) ;
#1148 = CONICAL_SURFACE ( 'NONE', #1147, 0.4999999999999968900, 0.7853981633974473900 ) ;
#1149 = CIRCLE ( 'NONE', #1143, 0.4999999999999968900 ) ;
#1150 = CARTESIAN_POINT ( 'NONE',  ( 0.3570714214271383800, -0.8000000000000000400, 1.600000000000000300 ) ) ;
#1151 = CARTESIAN_POINT ( 'NONE',  ( 0.4438152852419579600, -0.7380524904951202300, 1.600000000000000300 ) ) ;
#1152 = CARTESIAN_POINT ( 'NONE',  ( 0.5256657756875043900, -0.6697600843545656900, 1.600000000000000300 ) ) ;
#1153 = CARTESIAN_POINT ( 'NONE',  ( 0.6062177826491065300, -0.5999999999999967600, 1.600000000000000300 ) ) ;
#1154 = FACE_OUTER_BOUND ( 'NONE', #335, .T. ) ;
#1155 = B_SPLINE_CURVE_WITH_KNOTS ( 'NONE', 3,
 ( #1153, #1152, #1151, #1150 ),
 .UNSPECIFIED., .F., .F.,
 ( 4, 4 ),
 ( 0.001008954364956516700, 0.001328415991373690700 ),
 .UNSPECIFIED. ) ;
#1156 = DIRECTION ( 'NONE',  ( -1.224606353822377800E-016, 1.000000000000000000, 0.0000000000000000000 ) ) ;
#1157 = VECTOR ( 'NONE', #1156, 1000.000000000000000 ) ;
#1158 = CARTESIAN_POINT ( 'NONE',  ( -0.3570714214271412100, -6.500000000000000000, -1.599999999999999900 ) ) ;
#1159 = DIRECTION ( 'NONE',  ( -1.000000000000000000, -2.168404344971022400E-016, 0.0000000000000000000 ) ) ;
#1160 = DIRECTION ( 'NONE',  ( -1.224606353822376500E-016, 1.000000000000000000, 0.0000000000000000000 ) ) ;
#1161 = CARTESIAN_POINT ( 'NONE',  ( 5.316493772999919900E-016, -0.8000000000000000400, 1.250000000000000000 ) ) ;
#1162 = AXIS2_PLACEMENT_3D ( 'NONE', #1161, #1160, #1159 ) ;
#1163 = LINE ( 'NONE', #1158, #1157 ) ;
#1164 = CONICAL_SURFACE ( 'NONE', #1162, 0.4999999999999968900, 0.7853981633974473900 ) ;
#1165 = FACE_OUTER_BOUND ( 'NONE', #346, .T. ) ;
#1166 = DIRECTION ( 'NONE',  ( -1.000000000000000000, -1.224606353822377500E-016, 0.0000000000000000000 ) ) ;
#1167 = DIRECTION ( 'NONE',  ( 1.224606353822377500E-016, -1.000000000000000000, 0.0000000000000000000 ) ) ;
#1168 = AXIS2_PLACEMENT_3D ( 'NONE', #1115, #1167, #1166 ) ;
#1169 = CIRCLE ( 'NONE', #1168, 0.5000000000000000000 ) ;
#1170 = CARTESIAN_POINT ( 'NONE',  ( 0.6062177826491064200, 7.423781484322087000E-017, 1.600000000000000300 ) ) ;
#1171 = DIRECTION ( 'NONE',  ( -1.000000000000000000, -1.224606353822377800E-016, 0.0000000000000000000 ) ) ;
#1172 = DIRECTION ( 'NONE',  ( 1.224606353822377500E-016, -1.000000000000000000, 0.0000000000000000000 ) ) ;
#1173 = CARTESIAN_POINT ( 'NONE',  ( 4.336808689942016700E-016, 4.336808689942017700E-016, 1.250000000000000000 ) ) ;
#1174 = AXIS2_PLACEMENT_3D ( 'NONE', #1173, #1172, #1171 ) ;
#1175 = CIRCLE ( 'NONE', #1174, 0.6999999999999999600 ) ;
#1176 = CARTESIAN_POINT ( 'NONE',  ( 0.7000000000000004000, 5.194033137617682400E-016, 1.250000000000000000 ) ) ;
#1177 = DIRECTION ( 'NONE',  ( -1.224606353822377500E-016, 1.000000000000000000, 0.0000000000000000000 ) ) ;
#1178 = VECTOR ( 'NONE', #1177, 1000.000000000000000 ) ;
#1179 = CARTESIAN_POINT ( 'NONE',  ( 0.7000000000000005100, -0.7999999999999999300, 1.250000000000000000 ) ) ;
#1180 = LINE ( 'NONE', #1179, #1178 ) ;
#1181 = DIRECTION ( 'NONE',  ( 1.000000000000000000, 2.168404344971022400E-016, 0.0000000000000000000 ) ) ;
#1182 = DIRECTION ( 'NONE',  ( 1.224606353822377500E-016, -1.000000000000000000, 0.0000000000000000000 ) ) ;
#1183 = CARTESIAN_POINT ( 'NONE',  ( 5.316493772999919900E-016, -0.8000000000000000400, 1.250000000000000000 ) ) ;
#1184 = AXIS2_PLACEMENT_3D ( 'NONE', #1183, #1182, #1181 ) ;
#1185 = DIRECTION ( 'NONE',  ( -1.000000000000000000, -2.168404344971008900E-016, 0.0000000000000000000 ) ) ;
#1186 = DIRECTION ( 'NONE',  ( -1.224606353822377500E-016, 1.000000000000000000, 0.0000000000000000000 ) ) ;
#1187 = CARTESIAN_POINT ( 'NONE',  ( 5.316493772999919900E-016, -0.8000000000000000400, -1.250000000000000000 ) ) ;
#1188 = AXIS2_PLACEMENT_3D ( 'NONE', #1187, #1186, #1185 ) ;
#1189 = CIRCLE ( 'NONE', #1184, 0.4999999999999968900 ) ;
#1190 = CYLINDRICAL_SURFACE ( 'NONE', #1188, 0.5000000000000000000 ) ;
#1191 = FACE_OUTER_BOUND ( 'NONE', #326, .T. ) ;
#1192 = CARTESIAN_POINT ( 'NONE',  ( 0.7000000000000005100, -0.5999999999999964300, 1.250000000000000000 ) ) ;
#1193 = DIRECTION ( 'NONE',  ( -0.7071067811865470200, 0.7071067811865479100, 0.0000000000000000000 ) ) ;
#1194 = VECTOR ( 'NONE', #1193, 1000.000000000000100 ) ;
#1195 = CARTESIAN_POINT ( 'NONE',  ( -0.4999999999999963400, -0.8000000000000001600, 1.250000000000000000 ) ) ;
#1196 = LINE ( 'NONE', #1195, #1194 ) ;
#1197 = CARTESIAN_POINT ( 'NONE',  ( -0.6999999999999994000, -0.5999999999999966500, 1.250000000000000000 ) ) ;
#1198 = DIRECTION ( 'NONE',  ( 1.000000000000000000, 2.168404344971022400E-016, 0.0000000000000000000 ) ) ;
#1199 = DIRECTION ( 'NONE',  ( 1.224606353822377500E-016, -1.000000000000000000, 0.0000000000000000000 ) ) ;
#1200 = CARTESIAN_POINT ( 'NONE',  ( 5.316493772999919900E-016, -0.8000000000000000400, 1.250000000000000000 ) ) ;
#1201 = DIRECTION ( 'NONE',  ( -1.000000000000000000, -2.168404344971022400E-016, 0.0000000000000000000 ) ) ;
#1202 = DIRECTION ( 'NONE',  ( -1.224606353822376500E-016, 1.000000000000000000, 0.0000000000000000000 ) ) ;
#1203 = CARTESIAN_POINT ( 'NONE',  ( 5.316493772999919900E-016, -0.8000000000000000400, 1.250000000000000000 ) ) ;
#1204 = AXIS2_PLACEMENT_3D ( 'NONE', #1203, #1202, #1201 ) ;
#1205 = CIRCLE ( 'NONE', #1265, 0.6999999999999999600 ) ;
#1206 = CONICAL_SURFACE ( 'NONE', #1204, 0.4999999999999968900, 0.7853981633974473900 ) ;
#1207 = FACE_OUTER_BOUND ( 'NONE', #380, .T. ) ;
#1208 = DIRECTION ( 'NONE',  ( 1.000000000000000000, 1.224606353822377500E-016, 0.0000000000000000000 ) ) ;
#1209 = DIRECTION ( 'NONE',  ( 1.224606353822377500E-016, -1.000000000000000000, 0.0000000000000000000 ) ) ;
#1210 = CARTESIAN_POINT ( 'NONE',  ( 5.316493772999919900E-016, -0.8000000000000000400, 1.250000000000000000 ) ) ;
#1211 = AXIS2_PLACEMENT_3D ( 'NONE', #1210, #1209, #1208 ) ;
#1212 = PLANE ( 'NONE',  #1211 ) ;
#1213 = FACE_OUTER_BOUND ( 'NONE', #368, .T. ) ;
#1214 = DIRECTION ( 'NONE',  ( -1.000000000000000000, -1.224606353822377800E-016, 2.787948443534154600E-015 ) ) ;
#1215 = DIRECTION ( 'NONE',  ( 1.224606353822377500E-016, -1.000000000000000000, 0.0000000000000000000 ) ) ;
#1216 = CARTESIAN_POINT ( 'NONE',  ( 4.336808689942016700E-016, 4.336808689942017700E-016, 1.250000000000000000 ) ) ;
#1217 = AXIS2_PLACEMENT_3D ( 'NONE', #1216, #1215, #1214 ) ;
#1218 = CIRCLE ( 'NONE', #1217, 0.6999999999999999600 ) ;
#1219 = CARTESIAN_POINT ( 'NONE',  ( -0.3570714214271420400, -4.372719314480659400E-017, -1.599999999999999900 ) ) ;
#1220 = CARTESIAN_POINT ( 'NONE',  ( 0.3570714214271383800, -0.8000000000000000400, 1.600000000000000300 ) ) ;
#1221 = CARTESIAN_POINT ( 'NONE',  ( 0.4999999999999973900, -0.7999999999999999300, 1.250000000000000000 ) ) ;
#1222 = DIRECTION ( 'NONE',  ( -1.224606353822377500E-016, 1.000000000000000000, 0.0000000000000000000 ) ) ;
#1223 = VECTOR ( 'NONE', #1222, 1000.000000000000000 ) ;
#1224 = CARTESIAN_POINT ( 'NONE',  ( -0.4999999999999994400, -0.8000000000000001600, -1.250000000000000000 ) ) ;
#1225 = DIRECTION ( 'NONE',  ( -1.000000000000000000, -1.548860246407863600E-016, 0.0000000000000000000 ) ) ;
#1226 = DIRECTION ( 'NONE',  ( -1.224606353822377500E-016, 1.000000000000000000, 0.0000000000000000000 ) ) ;
#1227 = CARTESIAN_POINT ( 'NONE',  ( 5.316493772999919900E-016, -0.8000000000000000400, 1.250000000000000000 ) ) ;
#1228 = AXIS2_PLACEMENT_3D ( 'NONE', #1227, #1226, #1225 ) ;
#1229 = LINE ( 'NONE', #1224, #1223 ) ;
#1230 = CYLINDRICAL_SURFACE ( 'NONE', #1228, 0.6999999999999999600 ) ;
#1231 = FACE_OUTER_BOUND ( 'NONE', #378, .T. ) ;
#1232 = DIRECTION ( 'NONE',  ( -1.224606353822377800E-016, 1.000000000000000000, 0.0000000000000000000 ) ) ;
#1233 = VECTOR ( 'NONE', #1232, 1000.000000000000000 ) ;
#1234 = CARTESIAN_POINT ( 'NONE',  ( 0.6062177826491070800, -6.500000000000000000, 1.600000000000000300 ) ) ;
#1235 = LINE ( 'NONE', #1234, #1233 ) ;
#1236 = DIRECTION ( 'NONE',  ( -1.224606353822377800E-016, 1.000000000000000000, 0.0000000000000000000 ) ) ;
#1237 = VECTOR ( 'NONE', #1236, 1000.000000000000000 ) ;
#1238 = CARTESIAN_POINT ( 'NONE',  ( -0.6062177826491056400, -6.500000000000000000, 1.600000000000000300 ) ) ;
#1239 = DIRECTION ( 'NONE',  ( -1.000000000000000000, -1.548860246407863600E-016, 0.0000000000000000000 ) ) ;
#1240 = DIRECTION ( 'NONE',  ( -1.224606353822377500E-016, 1.000000000000000000, 0.0000000000000000000 ) ) ;
#1241 = CARTESIAN_POINT ( 'NONE',  ( 5.316493772999919900E-016, -0.8000000000000000400, 1.250000000000000000 ) ) ;
#1242 = AXIS2_PLACEMENT_3D ( 'NONE', #1241, #1240, #1239 ) ;
#1243 = LINE ( 'NONE', #1238, #1237 ) ;
#1244 = CYLINDRICAL_SURFACE ( 'NONE', #1242, 0.6999999999999999600 ) ;
#1245 = DIRECTION ( 'NONE',  ( -1.000000000000000000, -2.168404344971008900E-016, 0.0000000000000000000 ) ) ;
#1246 = DIRECTION ( 'NONE',  ( -1.224606353822377500E-016, 1.000000000000000000, 0.0000000000000000000 ) ) ;
#1247 = CARTESIAN_POINT ( 'NONE',  ( 5.316493772999919900E-016, -0.8000000000000000400, -1.250000000000000000 ) ) ;
#1248 = AXIS2_PLACEMENT_3D ( 'NONE', #1247, #1246, #1245 ) ;
#1249 = FACE_OUTER_BOUND ( 'NONE', #393, .T. ) ;
#1250 = CYLINDRICAL_SURFACE ( 'NONE', #1248, 0.5000000000000000000 ) ;
#1251 = FACE_OUTER_BOUND ( 'NONE', #323, .T. ) ;
#1252 = DIRECTION ( 'NONE',  ( -1.224606353822377500E-016, 1.000000000000000000, 0.0000000000000000000 ) ) ;
#1253 = VECTOR ( 'NONE', #1252, 1000.000000000000000 ) ;
#1254 = CARTESIAN_POINT ( 'NONE',  ( -0.6999999999999994000, -0.8000000000000001600, 1.250000000000000000 ) ) ;
#1255 = LINE ( 'NONE', #1254, #1253 ) ;
#1256 = CARTESIAN_POINT ( 'NONE',  ( -0.6062177826491064200, -7.423781484322087000E-017, 1.600000000000000300 ) ) ;
#1257 = DIRECTION ( 'NONE',  ( -1.000000000000000000, -1.224606353822377500E-016, 0.0000000000000000000 ) ) ;
#1258 = VECTOR ( 'NONE', #1257, 1000.000000000000000 ) ;
#1259 = CARTESIAN_POINT ( 'NONE',  ( 5.316493772999919900E-016, -0.8000000000000000400, 1.600000000000000300 ) ) ;
#1260 = LINE ( 'NONE', #1259, #1258 ) ;
#1261 = CARTESIAN_POINT ( 'NONE',  ( -0.6062177826491063100, -0.5999999999999966500, 1.600000000000000300 ) ) ;
#1262 = DIRECTION ( 'NONE',  ( 1.000000000000000000, 1.548860246407863600E-016, 0.0000000000000000000 ) ) ;
#1263 = DIRECTION ( 'NONE',  ( -1.224606353822376500E-016, 1.000000000000000000, 0.0000000000000000000 ) ) ;
#1264 = CARTESIAN_POINT ( 'NONE',  ( 5.071572502235439900E-016, -0.5999999999999965400, 1.250000000000000000 ) ) ;
#1265 = AXIS2_PLACEMENT_3D ( 'NONE', #1264, #1263, #1262 ) ;
#1266 = AXIS2_PLACEMENT_3D ( 'NONE', #757, #157, #1325 ) ;
#1267 = CIRCLE ( 'NONE', #1266, 0.5000000000000000000 ) ;
#1268 = VECTOR ( 'NONE', #1518, 1000.000000000000000 ) ;
#1269 = DIRECTION ( 'NONE',  ( -1.000000000000000000, -1.224606353822377500E-016, 0.0000000000000000000 ) ) ;
#1270 = DIRECTION ( 'NONE',  ( -1.224606353822377500E-016, 1.000000000000000000, 0.0000000000000000000 ) ) ;
#1271 = CARTESIAN_POINT ( 'NONE',  ( -3.199999999999999300, 0.0000000000000000000, 2.100000000000000100 ) ) ;
#1272 = AXIS2_PLACEMENT_3D ( 'NONE', #1271, #1270, #1269 ) ;
#1273 = PLANE ( 'NONE',  #1272 ) ;
#1274 = FACE_BOUND ( 'NONE', #482, .T. ) ;
#1275 = FACE_BOUND ( 'NONE', #78, .T. ) ;
#1276 = FACE_BOUND ( 'NONE', #163, .T. ) ;
#1277 = FACE_OUTER_BOUND ( 'NONE', #483, .T. ) ;
#1278 = CARTESIAN_POINT ( 'NONE',  ( -0.6062177826491063100, -0.5999999999999966500, 1.600000000000000300 ) ) ;
#1279 = CARTESIAN_POINT ( 'NONE',  ( -0.5255316061423003200, -0.6698762785891261300, 1.600000000000000300 ) ) ;
#1280 = CARTESIAN_POINT ( 'NONE',  ( -0.4436702468402626800, -0.7381560686316291900, 1.600000000000000300 ) ) ;
#1281 = CARTESIAN_POINT ( 'NONE',  ( -0.3570714214271373800, -0.8000000000000000400, 1.600000000000000300 ) ) ;
#1282 = FACE_BOUND ( 'NONE', #427, .T. ) ;
#1283 = FACE_BOUND ( 'NONE', #365, .T. ) ;
#1284 = B_SPLINE_CURVE_WITH_KNOTS ( 'NONE', 3,
 ( #1281, #1280, #1279, #1278 ),
 .UNSPECIFIED., .F., .F.,
 ( 4, 4 ),
 ( 0.002113093375511619500, 0.002433236514328420200 ),
 .UNSPECIFIED. ) ;
#1285 = FACE_BOUND ( 'NONE', #444, .T. ) ;
#1286 = CARTESIAN_POINT ( 'NONE',  ( -0.6999999999999995100, 3.479584242266352600E-016, 1.250000000000000000 ) ) ;
#1287 = DIRECTION ( 'NONE',  ( -1.000000000000000000, -1.224606353822377800E-016, 0.0000000000000000000 ) ) ;
#1288 = DIRECTION ( 'NONE',  ( 1.224606353822377500E-016, -1.000000000000000000, 0.0000000000000000000 ) ) ;
#1289 = CARTESIAN_POINT ( 'NONE',  ( 4.336808689942016700E-016, 4.336808689942017700E-016, 1.250000000000000000 ) ) ;
#1290 = AXIS2_PLACEMENT_3D ( 'NONE', #1289, #1288, #1287 ) ;
#1291 = CIRCLE ( 'NONE', #1290, 0.6999999999999999600 ) ;
#1292 = CARTESIAN_POINT ( 'NONE',  ( -0.3570714214271373800, -0.8000000000000000400, 1.600000000000000300 ) ) ;
#1293 = DIRECTION ( 'NONE',  ( 1.000000000000000000, 2.168404344971022400E-016, 0.0000000000000000000 ) ) ;
#1294 = DIRECTION ( 'NONE',  ( 1.224606353822377500E-016, -1.000000000000000000, 0.0000000000000000000 ) ) ;
#1295 = CARTESIAN_POINT ( 'NONE',  ( 5.316493772999919900E-016, -0.8000000000000000400, 1.250000000000000000 ) ) ;
#1296 = AXIS2_PLACEMENT_3D ( 'NONE', #1295, #1294, #1293 ) ;
#1297 = CIRCLE ( 'NONE', #1296, 0.4999999999999968900 ) ;
#1298 = DIRECTION ( 'NONE',  ( -1.000000000000000000, 0.0000000000000000000, 0.0000000000000000000 ) ) ;
#1299 = DIRECTION ( 'NONE',  ( -1.224606353822376500E-016, 1.000000000000000000, 0.0000000000000000000 ) ) ;
#1300 = AXIS2_PLACEMENT_3D ( 'NONE', #1302, #1299, #1298 ) ;
#1301 = CONICAL_SURFACE ( 'NONE', #1300, 0.2999999999999963300, 0.7853981633974488300 ) ;
#1302 = CARTESIAN_POINT ( 'NONE',  ( 5.316493772999919900E-016, -0.8000000000000000400, -1.250000000000000000 ) ) ;
#1303 = FACE_OUTER_BOUND ( 'NONE', #441, .T. ) ;
#1304 = CARTESIAN_POINT ( 'NONE',  ( 2.599999999999999600, 7.102716852169788500E-016, 1.000000000000000000 ) ) ;
#1305 = DIRECTION ( 'NONE',  ( 0.0000000000000000000, 0.0000000000000000000, 1.000000000000000000 ) ) ;
#1306 = VECTOR ( 'NONE', #1305, 1000.000000000000000 ) ;
#1307 = CARTESIAN_POINT ( 'NONE',  ( 2.600000000000000100, 3.183976519938180700E-016, 1.500000000000000000 ) ) ;
#1308 = LINE ( 'NONE', #1307, #1306 ) ;
#1309 = CARTESIAN_POINT ( 'NONE',  ( 2.600000000000001000, 7.102716852169789500E-016, 1.500000000000000000 ) ) ;
#1310 = DIRECTION ( 'NONE',  ( -1.000000000000000000, -1.224606353822375800E-016, 0.0000000000000000000 ) ) ;
#1311 = VECTOR ( 'NONE', #1310, 1000.000000000000000 ) ;
#1312 = CARTESIAN_POINT ( 'NONE',  ( 2.400000000000000400, 2.939055249173705600E-016, 1.500000000000000000 ) ) ;
#1313 = LINE ( 'NONE', #1312, #1311 ) ;
#1314 = DIRECTION ( 'NONE',  ( 1.000000000000000000, 0.0000000000000000000, 0.0000000000000000000 ) ) ;
#1315 = DIRECTION ( 'NONE',  ( 1.224606353822377500E-016, -1.000000000000000000, 0.0000000000000000000 ) ) ;
#1316 = CARTESIAN_POINT ( 'NONE',  ( 5.316493772999919900E-016, -0.8000000000000000400, -1.250000000000000000 ) ) ;
#1317 = AXIS2_PLACEMENT_3D ( 'NONE', #1316, #1315, #1314 ) ;
#1318 = CIRCLE ( 'NONE', #1317, 0.2999999999999963300 ) ;
#1319 = CARTESIAN_POINT ( 'NONE',  ( 0.3570714214271420400, 4.372719314480659400E-017, -1.599999999999999900 ) ) ;
#1320 = DIRECTION ( 'NONE',  ( -1.224606353822377800E-016, 1.000000000000000000, 0.0000000000000000000 ) ) ;
#1321 = VECTOR ( 'NONE', #1320, 1000.000000000000000 ) ;
#1322 = CARTESIAN_POINT ( 'NONE',  ( 0.3570714214271428200, -6.500000000000000000, -1.599999999999999900 ) ) ;
#1323 = LINE ( 'NONE', #1322, #1321 ) ;
#1324 = CARTESIAN_POINT ( 'NONE',  ( 0.3570714214271431000, -0.5999999999999965400, -1.599999999999999900 ) ) ;
#1325 = DIRECTION ( 'NONE',  ( 1.000000000000000000, 2.168404344971008900E-016, 0.0000000000000000000 ) ) ;
#1326 = DIRECTION ( 'NONE',  ( 0.0000000000000000000, 0.0000000000000000000, -1.000000000000000000 ) ) ;
#1327 = CARTESIAN_POINT ( 'NONE',  ( 2.400000000000000400, 2.939055249173705600E-016, 1.500000000000000000 ) ) ;
#1328 = LINE ( 'NONE', #1327, #1390 ) ;
#1329 = CARTESIAN_POINT ( 'NONE',  ( -2.600000000000000100, 7.347638122934255400E-017, 1.000000000000000000 ) ) ;
#1330 = CARTESIAN_POINT ( 'NONE',  ( -2.600000000000000100, -3.183976519938180700E-016, 1.500000000000000000 ) ) ;
#1331 = DIRECTION ( 'NONE',  ( 0.0000000000000000000, 0.0000000000000000000, -1.000000000000000000 ) ) ;
#1332 = VECTOR ( 'NONE', #1331, 1000.000000000000000 ) ;
#1333 = CARTESIAN_POINT ( 'NONE',  ( -2.600000000000000100, -3.183976519938180700E-016, 1.500000000000000000 ) ) ;
#1334 = LINE ( 'NONE', #1333, #1332 ) ;
#1335 = DIRECTION ( 'NONE',  ( 1.000000000000000000, 1.224606353822377500E-016, 0.0000000000000000000 ) ) ;
#1336 = VECTOR ( 'NONE', #1335, 1000.000000000000000 ) ;
#1337 = CARTESIAN_POINT ( 'NONE',  ( -0.6062177826491064200, -7.423781484322087000E-017, 1.600000000000000300 ) ) ;
#1338 = LINE ( 'NONE', #1337, #1336 ) ;
#1339 = DIRECTION ( 'NONE',  ( -1.000000000000000000, -1.224606353822377500E-016, 1.734723475976807100E-015 ) ) ;
#1340 = DIRECTION ( 'NONE',  ( 1.224606353822377500E-016, -1.000000000000000000, 0.0000000000000000000 ) ) ;
#1341 = CARTESIAN_POINT ( 'NONE',  ( 4.336808689942016700E-016, 4.336808689942017700E-016, -1.250000000000000000 ) ) ;
#1342 = AXIS2_PLACEMENT_3D ( 'NONE', #1341, #1340, #1339 ) ;
#1343 = CIRCLE ( 'NONE', #1342, 0.5000000000000000000 ) ;
#1344 = CARTESIAN_POINT ( 'NONE',  ( 0.3570714214271431000, -0.5999999999999965400, -1.599999999999999900 ) ) ;
#1345 = CARTESIAN_POINT ( 'NONE',  ( 0.3040441845495391300, -0.6378690216951310400, -1.600000000000000300 ) ) ;
#1346 = CARTESIAN_POINT ( 'NONE',  ( 0.2494679060920829400, -0.6733580489707399200, -1.599999999999999900 ) ) ;
#1347 = CARTESIAN_POINT ( 'NONE',  ( 0.1309516283754172100, -0.7299493991597089100, -1.600000000000000100 ) ) ;
#1348 = CARTESIAN_POINT ( 'NONE',  ( 0.06579920500604803700, -0.7499544519622434200, -1.600000000000000100 ) ) ;
#1349 = CARTESIAN_POINT ( 'NONE',  ( -0.06531375004157008400, -0.7500453797045705300, -1.599999999999999900 ) ) ;
#1350 = CARTESIAN_POINT ( 'NONE',  ( -0.1299491414793725300, -0.7302979458507773400, -1.599999999999999900 ) ) ;
#1351 = CARTESIAN_POINT ( 'NONE',  ( -0.2482252600886390200, -0.6740791045078760000, -1.600000000000000100 ) ) ;
#1352 = CARTESIAN_POINT ( 'NONE',  ( -0.3038393252000860000, -0.6380153205313881000, -1.600000000000000100 ) ) ;
#1353 = CARTESIAN_POINT ( 'NONE',  ( -0.3570714214271419300, -0.5999999999999960900, -1.599999999999999900 ) ) ;
#1354 = DIRECTION ( 'NONE',  ( 1.000000000000000000, 1.224606353822375800E-016, -3.252606517456519600E-015 ) ) ;
#1355 = VECTOR ( 'NONE', #1354, 1000.000000000000000 ) ;
#1356 = CARTESIAN_POINT ( 'NONE',  ( 2.400000000000000400, 2.939055249173705600E-016, 1.000000000000000700 ) ) ;
#1357 = LINE ( 'NONE', #1356, #1355 ) ;
#1358 = B_SPLINE_CURVE_WITH_KNOTS ( 'NONE', 3,
 ( #1353, #1352, #1351, #1350, #1349, #1348, #1347, #1346, #1345, #1344 ),
 .UNSPECIFIED., .F., .F.,
 ( 4, 2, 2, 2, 4 ),
 ( 0.0003800887912890962600, 0.0005761965134932608900, 0.0007723042356974254700, 0.0009684119579015902600, 0.001164519680105754800 ),
 .UNSPECIFIED. ) ;
#1359 = CARTESIAN_POINT ( 'NONE',  ( -3.199999999999999300, 0.0000000000000000000, -2.100000000000000100 ) ) ;
#1360 = CARTESIAN_POINT ( 'NONE',  ( 3.200000000000000200, 7.837480664463213700E-016, 2.100000000000000100 ) ) ;
#1361 = CARTESIAN_POINT ( 'NONE',  ( 1.499999999999999600, 2.500000000000008000, 2.100000000000000100 ) ) ;
#1362 = DIRECTION ( 'NONE',  ( 0.0000000000000000000, 0.0000000000000000000, -1.000000000000000000 ) ) ;
#1363 = VECTOR ( 'NONE', #1362, 1000.000000000000000 ) ;
#1364 = CARTESIAN_POINT ( 'NONE',  ( 1.499999999999999600, 2.500000000000008000, 2.100000000000000100 ) ) ;
#1365 = LINE ( 'NONE', #1364, #1363 ) ;
#1366 = CARTESIAN_POINT ( 'NONE',  ( 1.499999999999999600, 2.500000000000008000, -2.100000000000000100 ) ) ;
#1367 = DIRECTION ( 'NONE',  ( -7.477256361969012500E-017, 1.000000000000000000, 0.0000000000000000000 ) ) ;
#1368 = VECTOR ( 'NONE', #1367, 1000.000000000000000 ) ;
#1369 = CARTESIAN_POINT ( 'NONE',  ( 1.499999999999999800, 2.500000000000008000, -2.100000000000000100 ) ) ;
#1370 = LINE ( 'NONE', #1369, #1368 ) ;
#1371 = CARTESIAN_POINT ( 'NONE',  ( 2.600000000000001400, 7.102716852169790500E-016, -0.9999999999999995600 ) ) ;
#1372 = DIRECTION ( 'NONE',  ( -1.000000000000000000, -1.224606353822377800E-016, -6.505213034913009200E-015 ) ) ;
#1373 = VECTOR ( 'NONE', #1372, 1000.000000000000000 ) ;
#1374 = CARTESIAN_POINT ( 'NONE',  ( 2.400000000000000400, 2.939055249173705600E-016, -1.000000000000000700 ) ) ;
#1375 = LINE ( 'NONE', #1374, #1373 ) ;
#1376 = CARTESIAN_POINT ( 'NONE',  ( -2.600000000000000100, -3.183976519938180700E-016, -1.000000000000000000 ) ) ;
#1377 = CARTESIAN_POINT ( 'NONE',  ( 1.500000000000000400, 3.600000000000001400, 0.1999999999999997900 ) ) ;
#1378 = CARTESIAN_POINT ( 'NONE',  ( 1.499999999999999600, 4.800000000000001600, 0.2000000000000000900 ) ) ;
#1379 = CARTESIAN_POINT ( 'NONE',  ( 1.500000000000000400, 4.800000000000001600, -0.2000000000000002100 ) ) ;
#1380 = DIRECTION ( 'NONE',  ( 0.0000000000000000000, 0.0000000000000000000, 1.000000000000000000 ) ) ;
#1381 = VECTOR ( 'NONE', #1380, 1000.000000000000000 ) ;
#1382 = CARTESIAN_POINT ( 'NONE',  ( 1.500000000000000400, 4.800000000000001600, 0.1999999999999999300 ) ) ;
#1383 = LINE ( 'NONE', #1382, #1381 ) ;
#1384 = DIRECTION ( 'NONE',  ( -7.477256361969012500E-017, 1.000000000000000000, 0.0000000000000000000 ) ) ;
#1385 = VECTOR ( 'NONE', #1384, 1000.000000000000000 ) ;
#1386 = CARTESIAN_POINT ( 'NONE',  ( 1.499999999999999800, 2.500000000000008000, 2.100000000000000100 ) ) ;
#1387 = LINE ( 'NONE', #1386, #1385 ) ;
#1388 = CARTESIAN_POINT ( 'NONE',  ( 2.399999999999999900, 6.857795581405312400E-016, 1.000000000000000700 ) ) ;
#1389 = CARTESIAN_POINT ( 'NONE',  ( 2.400000000000000400, 2.939055249173705600E-016, 1.500000000000000000 ) ) ;
#1390 = VECTOR ( 'NONE', #1326, 1000.000000000000000 ) ;
#1391 = LINE ( 'NONE', #1452, #1451 ) ;
#1392 = DIRECTION ( 'NONE',  ( 1.000000000000000000, 1.224606353822375800E-016, 0.0000000000000000000 ) ) ;
#1393 = VECTOR ( 'NONE', #1392, 1000.000000000000000 ) ;
#1394 = CARTESIAN_POINT ( 'NONE',  ( 2.400000000000000400, 2.939055249173705600E-016, -1.500000000000000000 ) ) ;
#1395 = LINE ( 'NONE', #1394, #1393 ) ;
#1396 = CARTESIAN_POINT ( 'NONE',  ( 2.599999999999999600, 7.102716852169788500E-016, -1.499999999999999600 ) ) ;
#1397 = DIRECTION ( 'NONE',  ( 1.734723475976804700E-015, 2.888894916580849800E-031, 1.000000000000000000 ) ) ;
#1398 = VECTOR ( 'NONE', #1397, 1000.000000000000000 ) ;
#1399 = CARTESIAN_POINT ( 'NONE',  ( 2.600000000000000100, 3.183976519938180700E-016, -1.500000000000000000 ) ) ;
#1400 = LINE ( 'NONE', #1399, #1398 ) ;
#1401 = CARTESIAN_POINT ( 'NONE',  ( 1.499999999999999600, 4.700000000000000200, -2.100000000000000100 ) ) ;
#1402 = DIRECTION ( 'NONE',  ( 5.287218678218550100E-017, -0.7071067811865483500, -0.7071067811865466800 ) ) ;
#1403 = VECTOR ( 'NONE', #1402, 1000.000000000000000 ) ;
#1404 = CARTESIAN_POINT ( 'NONE',  ( 1.499999999999999600, 5.700000000000002000, -1.100000000000001200 ) ) ;
#1405 = LINE ( 'NONE', #1404, #1403 ) ;
#1406 = CARTESIAN_POINT ( 'NONE',  ( 1.499999999999999600, 5.400000000000001200, -1.400000000000000800 ) ) ;
#1407 = CARTESIAN_POINT ( 'NONE',  ( 2.400000000000000400, 2.939055249173705600E-016, -1.000000000000000700 ) ) ;
#1408 = DIRECTION ( 'NONE',  ( 0.0000000000000000000, 0.0000000000000000000, -1.000000000000000000 ) ) ;
#1409 = VECTOR ( 'NONE', #1408, 1000.000000000000000 ) ;
#1410 = CARTESIAN_POINT ( 'NONE',  ( 2.400000000000000400, 2.939055249173705600E-016, -1.500000000000000000 ) ) ;
#1411 = LINE ( 'NONE', #1410, #1409 ) ;
#1412 = DIRECTION ( 'NONE',  ( 1.000000000000000000, 1.224606353822375800E-016, 0.0000000000000000000 ) ) ;
#1413 = VECTOR ( 'NONE', #1412, 1000.000000000000000 ) ;
#1414 = CARTESIAN_POINT ( 'NONE',  ( -2.600000000000000100, -3.183976519938180700E-016, -1.500000000000000000 ) ) ;
#1415 = LINE ( 'NONE', #1414, #1413 ) ;
#1416 = DIRECTION ( 'NONE',  ( 1.000000000000000000, 1.224606353822377500E-016, 0.0000000000000000000 ) ) ;
#1417 = VECTOR ( 'NONE', #1416, 1000.000000000000000 ) ;
#1418 = CARTESIAN_POINT ( 'NONE',  ( -3.199999999999999300, 0.0000000000000000000, -2.100000000000000100 ) ) ;
#1419 = LINE ( 'NONE', #1418, #1417 ) ;
#1420 = CARTESIAN_POINT ( 'NONE',  ( -3.199999999999999300, 0.0000000000000000000, 2.100000000000000100 ) ) ;
#1421 = VECTOR ( 'NONE', #1485, 1000.000000000000000 ) ;
#1422 = CARTESIAN_POINT ( 'NONE',  ( 1.510000000000000500, 4.800000000000001600, 0.1999999999999999300 ) ) ;
#1423 = LINE ( 'NONE', #1422, #1421 ) ;
#1424 = CARTESIAN_POINT ( 'NONE',  ( -2.399999999999999500, -6.500000000000000000, 1.000000000000000000 ) ) ;
#1425 = DIRECTION ( 'NONE',  ( 1.000000000000000000, 0.0000000000000000000, 0.0000000000000000000 ) ) ;
#1426 = DIRECTION ( 'NONE',  ( 0.0000000000000000000, 0.0000000000000000000, 1.000000000000000000 ) ) ;
#1427 = CARTESIAN_POINT ( 'NONE',  ( -2.599999999999999200, -6.500000000000000000, 1.000000000000000000 ) ) ;
#1428 = AXIS2_PLACEMENT_3D ( 'NONE', #1427, #1426, #1425 ) ;
#1429 = PLANE ( 'NONE',  #1428 ) ;
#1430 = FACE_OUTER_BOUND ( 'NONE', #497, .T. ) ;
#1431 = DIRECTION ( 'NONE',  ( -1.224606353822377300E-016, 1.000000000000000000, 0.0000000000000000000 ) ) ;
#1432 = VECTOR ( 'NONE', #1431, 1000.000000000000000 ) ;
#1433 = CARTESIAN_POINT ( 'NONE',  ( -2.599999999999999200, -6.500000000000000000, 1.500000000000000000 ) ) ;
#1434 = LINE ( 'NONE', #1433, #1432 ) ;
#1435 = CARTESIAN_POINT ( 'NONE',  ( -2.599999999999999200, -6.500000000000000000, 1.500000000000000000 ) ) ;
#1436 = DIRECTION ( 'NONE',  ( 0.0000000000000000000, 0.0000000000000000000, -1.000000000000000000 ) ) ;
#1437 = VECTOR ( 'NONE', #1436, 1000.000000000000000 ) ;
#1438 = CARTESIAN_POINT ( 'NONE',  ( -2.599999999999999200, -6.500000000000000000, 1.500000000000000000 ) ) ;
#1439 = LINE ( 'NONE', #1438, #1437 ) ;
#1440 = DIRECTION ( 'NONE',  ( 1.000000000000000000, 1.224606353822375800E-016, 0.0000000000000000000 ) ) ;
#1441 = VECTOR ( 'NONE', #1440, 1000.000000000000000 ) ;
#1442 = CARTESIAN_POINT ( 'NONE',  ( -2.600000000000000100, -3.183976519938180700E-016, 1.000000000000000000 ) ) ;
#1443 = LINE ( 'NONE', #1442, #1441 ) ;
#1444 = CARTESIAN_POINT ( 'NONE',  ( -2.399999999999999500, 9.796850830579019500E-017, 1.500000000000000000 ) ) ;
#1445 = CARTESIAN_POINT ( 'NONE',  ( -2.400000000000000400, 9.796850830579010900E-017, 1.000000000000000000 ) ) ;
#1446 = DIRECTION ( 'NONE',  ( 0.0000000000000000000, 0.0000000000000000000, 1.000000000000000000 ) ) ;
#1447 = VECTOR ( 'NONE', #1446, 1000.000000000000000 ) ;
#1448 = CARTESIAN_POINT ( 'NONE',  ( -2.400000000000000400, -2.939055249173705600E-016, 1.500000000000000000 ) ) ;
#1449 = LINE ( 'NONE', #1448, #1447 ) ;
#1450 = DIRECTION ( 'NONE',  ( -1.000000000000000000, -1.224606353822375800E-016, 0.0000000000000000000 ) ) ;
#1451 = VECTOR ( 'NONE', #1450, 1000.000000000000000 ) ;
#1452 = CARTESIAN_POINT ( 'NONE',  ( -2.600000000000000100, -3.183976519938180700E-016, 1.500000000000000000 ) ) ;
#1453 = DIRECTION ( 'NONE',  ( 1.000000000000000000, 0.0000000000000000000, 0.0000000000000000000 ) ) ;
#1454 = VECTOR ( 'NONE', #1453, 1000.000000000000000 ) ;
#1455 = CARTESIAN_POINT ( 'NONE',  ( -0.4999999999999930600, 1.500000000000000900, -2.100000000000000100 ) ) ;
#1456 = LINE ( 'NONE', #1455, #1454 ) ;
#1457 = DIRECTION ( 'NONE',  ( 1.000000000000000000, 0.0000000000000000000, 0.0000000000000000000 ) ) ;
#1458 = DIRECTION ( 'NONE',  ( 0.0000000000000000000, 0.0000000000000000000, 1.000000000000000000 ) ) ;
#1459 = CARTESIAN_POINT ( 'NONE',  ( -0.5000000000000000000, 2.500000000000000400, -2.100000000000000100 ) ) ;
#1460 = AXIS2_PLACEMENT_3D ( 'NONE', #1459, #1458, #1457 ) ;
#1461 = CIRCLE ( 'NONE', #1460, 0.9999999999999995600 ) ;
#1462 = DIRECTION ( 'NONE',  ( -5.678864506234725600E-017, 0.7071067811865483500, 0.7071067811865466800 ) ) ;
#1463 = VECTOR ( 'NONE', #1462, 1000.000000000000000 ) ;
#1464 = CARTESIAN_POINT ( 'NONE',  ( 3.200000000000000600, 5.400000000000001200, -1.400000000000001200 ) ) ;
#1465 = LINE ( 'NONE', #1464, #1463 ) ;
#1466 = CARTESIAN_POINT ( 'NONE',  ( -1.499999999999999800, 3.600000000000001400, 0.1999999999999998700 ) ) ;
#1467 = CARTESIAN_POINT ( 'NONE',  ( -1.500000000000000400, 4.800000000000001600, 0.1999999999999999300 ) ) ;
#1468 = DIRECTION ( 'NONE',  ( 0.0000000000000000000, -1.000000000000000000, -1.129377263005734100E-016 ) ) ;
#1469 = VECTOR ( 'NONE', #1468, 1000.000000000000000 ) ;
#1470 = CARTESIAN_POINT ( 'NONE',  ( -1.500000000000000400, 3.600000000000001400, 0.1999999999999997900 ) ) ;
#1471 = LINE ( 'NONE', #1470, #1469 ) ;
#1472 = DIRECTION ( 'NONE',  ( 7.477256361969012500E-017, 1.000000000000000000, 0.0000000000000000000 ) ) ;
#1473 = DIRECTION ( 'NONE',  ( 1.000000000000000000, -7.477256361969012500E-017, 0.0000000000000000000 ) ) ;
#1474 = CARTESIAN_POINT ( 'NONE',  ( -1.499999999999999600, 5.400000000000001200, 2.100000000000000100 ) ) ;
#1475 = AXIS2_PLACEMENT_3D ( 'NONE', #1474, #1473, #1472 ) ;
#1476 = PLANE ( 'NONE',  #1475 ) ;
#1477 = FACE_OUTER_BOUND ( 'NONE', #198, .T. ) ;
#1478 = DIRECTION ( 'NONE',  ( 0.0000000000000000000, 0.0000000000000000000, 1.000000000000000000 ) ) ;
#1479 = DIRECTION ( 'NONE',  ( 1.000000000000000000, 0.0000000000000000000, 0.0000000000000000000 ) ) ;
#1480 = CARTESIAN_POINT ( 'NONE',  ( 1.510000000000000500, 4.800000000000001600, 0.1999999999999999300 ) ) ;
#1481 = AXIS2_PLACEMENT_3D ( 'NONE', #1480, #1479, #1478 ) ;
#1482 = PLANE ( 'NONE',  #1481 ) ;
#1483 = FACE_BOUND ( 'NONE', #511, .T. ) ;
#1484 = FACE_OUTER_BOUND ( 'NONE', #506, .T. ) ;
#1485 = DIRECTION ( 'NONE',  ( 0.0000000000000000000, 0.0000000000000000000, 1.000000000000000000 ) ) ;
#1486 = DIRECTION ( 'NONE',  ( 1.000000000000000000, 0.0000000000000000000, 0.0000000000000000000 ) ) ;
#1487 = DIRECTION ( 'NONE',  ( 0.0000000000000000000, 0.0000000000000000000, 1.000000000000000000 ) ) ;
#1488 = CARTESIAN_POINT ( 'NONE',  ( -2.599999999999999200, -6.500000000000000000, -1.500000000000000000 ) ) ;
#1489 = AXIS2_PLACEMENT_3D ( 'NONE', #1488, #1487, #1486 ) ;
#1490 = PLANE ( 'NONE',  #1489 ) ;
#1491 = FACE_OUTER_BOUND ( 'NONE', #539, .T. ) ;
#1492 = DIRECTION ( 'NONE',  ( -1.224606353822377300E-016, 1.000000000000000000, 0.0000000000000000000 ) ) ;
#1493 = VECTOR ( 'NONE', #1492, 1000.000000000000000 ) ;
#1494 = CARTESIAN_POINT ( 'NONE',  ( -2.599999999999999200, -6.500000000000000000, -1.000000000000000000 ) ) ;
#1495 = LINE ( 'NONE', #1494, #1493 ) ;
#1496 = CARTESIAN_POINT ( 'NONE',  ( -2.599999999999999200, -4.999999999999999100, -1.000000000000000900 ) ) ;
#1497 = DIRECTION ( 'NONE',  ( 0.0000000000000000000, 0.0000000000000000000, 1.000000000000000000 ) ) ;
#1498 = VECTOR ( 'NONE', #1497, 1000.000000000000000 ) ;
#1499 = CARTESIAN_POINT ( 'NONE',  ( -2.599999999999999200, -4.999999999999999100, -10.00000000000000000 ) ) ;
#1500 = LINE ( 'NONE', #1499, #1498 ) ;
#1501 = DIRECTION ( 'NONE',  ( 2.409338161078898700E-016, -1.000000000000000000, 0.0000000000000000000 ) ) ;
#1502 = VECTOR ( 'NONE', #1501, 1000.000000000000000 ) ;
#1503 = CARTESIAN_POINT ( 'NONE',  ( -3.199999999999999300, 0.0000000000000000000, 2.100000000000000100 ) ) ;
#1504 = LINE ( 'NONE', #1503, #1502 ) ;
#1505 = CARTESIAN_POINT ( 'NONE',  ( -3.200000000000000600, 4.699999999999998400, -2.100000000000000100 ) ) ;
#1506 = DIRECTION ( 'NONE',  ( -8.031127203596329400E-017, 1.000000000000000000, 0.0000000000000000000 ) ) ;
#1507 = VECTOR ( 'NONE', #1506, 1000.000000000000000 ) ;
#1508 = CARTESIAN_POINT ( 'NONE',  ( 3.200000000000000200, 7.837480664463213700E-016, 2.100000000000000100 ) ) ;
#1509 = LINE ( 'NONE', #1508, #1507 ) ;
#1510 = DIRECTION ( 'NONE',  ( -7.477256361969012500E-017, -1.000000000000000000, 0.0000000000000000000 ) ) ;
#1511 = VECTOR ( 'NONE', #1510, 1000.000000000000000 ) ;
#1512 = CARTESIAN_POINT ( 'NONE',  ( -1.499999999999999600, 5.400000000000001200, 2.100000000000000100 ) ) ;
#1513 = LINE ( 'NONE', #1512, #1511 ) ;
#1514 = DIRECTION ( 'NONE',  ( 1.703659351870417900E-016, -0.7071067811865483500, -0.7071067811865466800 ) ) ;
#1515 = VECTOR ( 'NONE', #1514, 1000.000000000000000 ) ;
#1516 = CARTESIAN_POINT ( 'NONE',  ( -3.200000000000000600, 5.400000000000000400, -1.400000000000001000 ) ) ;
#1517 = LINE ( 'NONE', #1516, #1515 ) ;
#1518 = DIRECTION ( 'NONE',  ( -1.224606353822377300E-016, 1.000000000000000000, 0.0000000000000000000 ) ) ;
#1519 = CARTESIAN_POINT ( 'NONE',  ( -2.399999999999999500, -6.500000000000000000, 1.500000000000000000 ) ) ;
#1520 = LINE ( 'NONE', #1519, #1268 ) ;
#1521 = DIRECTION ( 'NONE',  ( 1.224606353822377300E-016, -1.000000000000000000, 0.0000000000000000000 ) ) ;
#1522 = DIRECTION ( 'NONE',  ( -1.000000000000000000, -1.224606353822377300E-016, 0.0000000000000000000 ) ) ;
#1523 = CARTESIAN_POINT ( 'NONE',  ( -2.399999999999999500, -6.500000000000000000, 1.500000000000000000 ) ) ;
#1524 = AXIS2_PLACEMENT_3D ( 'NONE', #1523, #1522, #1521 ) ;
#1525 = PLANE ( 'NONE',  #1524 ) ;
#1526 = FACE_OUTER_BOUND ( 'NONE', #558, .T. ) ;
#1527 = DIRECTION ( 'NONE',  ( 1.000000000000000000, 1.224606353822375800E-016, 0.0000000000000000000 ) ) ;
#1528 = VECTOR ( 'NONE', #1527, 1000.000000000000000 ) ;
#1529 = CARTESIAN_POINT ( 'NONE',  ( -2.599999999999999200, -6.500000000000000000, 1.000000000000000000 ) ) ;
#1530 = LINE ( 'NONE', #1529, #1528 ) ;
#1531 = DIRECTION ( 'NONE',  ( -1.224606353822377300E-016, 1.000000000000000000, 0.0000000000000000000 ) ) ;
#1532 = VECTOR ( 'NONE', #1531, 1000.000000000000000 ) ;
#1533 = CARTESIAN_POINT ( 'NONE',  ( -2.399999999999999500, -6.500000000000000000, 1.000000000000000000 ) ) ;
#1534 = LINE ( 'NONE', #1533, #1532 ) ;
#1535 = DIRECTION ( 'NONE',  ( 1.000000000000000000, 1.224606353822375800E-016, 0.0000000000000000000 ) ) ;
#1536 = DIRECTION ( 'NONE',  ( 1.224606353822375800E-016, -1.000000000000000000, 0.0000000000000000000 ) ) ;
#1537 = CARTESIAN_POINT ( 'NONE',  ( -2.599999999999999200, -6.500000000000000000, 1.000000000000000000 ) ) ;
#1538 = AXIS2_PLACEMENT_3D ( 'NONE', #1537, #1536, #1535 ) ;
#1539 = PLANE ( 'NONE',  #1538 ) ;
#1540 = FACE_OUTER_BOUND ( 'NONE', #549, .T. ) ;
#1541 = DIRECTION ( 'NONE',  ( -1.000000000000000000, -1.224606353822375800E-016, 0.0000000000000000000 ) ) ;
#1542 = VECTOR ( 'NONE', #1541, 1000.000000000000000 ) ;
#1543 = CARTESIAN_POINT ( 'NONE',  ( -2.599999999999999200, -6.500000000000000000, 1.500000000000000000 ) ) ;
#1544 = LINE ( 'NONE', #1543, #1542 ) ;
#1545 = DIRECTION ( 'NONE',  ( -1.000000000000000000, 0.0000000000000000000, 0.0000000000000000000 ) ) ;
#1546 = DIRECTION ( 'NONE',  ( 0.0000000000000000000, 0.0000000000000000000, -1.000000000000000000 ) ) ;
#1547 = CARTESIAN_POINT ( 'NONE',  ( -2.599999999999999200, -6.500000000000000000, 1.500000000000000000 ) ) ;
#1548 = AXIS2_PLACEMENT_3D ( 'NONE', #1547, #1546, #1545 ) ;
#1549 = PLANE ( 'NONE',  #1548 ) ;
#1550 = FACE_OUTER_BOUND ( 'NONE', #542, .T. ) ;
#1551 = DIRECTION ( 'NONE',  ( 0.0000000000000000000, 0.0000000000000000000, 1.000000000000000000 ) ) ;
#1552 = VECTOR ( 'NONE', #1551, 1000.000000000000000 ) ;
#1553 = CARTESIAN_POINT ( 'NONE',  ( -2.399999999999999500, -4.999999999999999100, -10.00000000000000000 ) ) ;
#1554 = LINE ( 'NONE', #1553, #1552 ) ;
#1555 = CARTESIAN_POINT ( 'NONE',  ( 2.600000000000000500, -4.999999999999999100, 1.000000000000000000 ) ) ;
#1556 = DIRECTION ( 'NONE',  ( -1.224606353822377300E-016, 1.000000000000000000, 0.0000000000000000000 ) ) ;
#1557 = VECTOR ( 'NONE', #1556, 1000.000000000000000 ) ;
#1558 = CARTESIAN_POINT ( 'NONE',  ( 2.600000000000000500, -6.500000000000000000, 1.000000000000000000 ) ) ;
#1559 = LINE ( 'NONE', #1558, #1557 ) ;
#1560 = DIRECTION ( 'NONE',  ( 1.000000000000000000, 0.0000000000000000000, -3.252606517456518800E-015 ) ) ;
#1561 = DIRECTION ( 'NONE',  ( 3.252606517456518800E-015, 3.983162607761328200E-031, 1.000000000000000000 ) ) ;
#1562 = CARTESIAN_POINT ( 'NONE',  ( 2.400000000000001200, -6.500000000000000000, 1.000000000000000700 ) ) ;
#1563 = AXIS2_PLACEMENT_3D ( 'NONE', #1562, #1561, #1560 ) ;
#1564 = PLANE ( 'NONE',  #1563 ) ;
#1565 = FACE_OUTER_BOUND ( 'NONE', #572, .T. ) ;
#1566 = CARTESIAN_POINT ( 'NONE',  ( -2.599999999999999200, -6.500000000000000000, 1.000000000000000000 ) ) ;
#1567 = DIRECTION ( 'NONE',  ( -1.224606353822377300E-016, 1.000000000000000000, 0.0000000000000000000 ) ) ;
#1568 = VECTOR ( 'NONE', #1567, 1000.000000000000000 ) ;
#1569 = CARTESIAN_POINT ( 'NONE',  ( -2.599999999999999200, -6.500000000000000000, 1.000000000000000000 ) ) ;
#1570 = LINE ( 'NONE', #1569, #1568 ) ;
#1571 = DIRECTION ( 'NONE',  ( -1.224606353822377300E-016, 1.000000000000000000, 0.0000000000000000000 ) ) ;
#1572 = DIRECTION ( 'NONE',  ( 1.000000000000000000, 1.224606353822377300E-016, 0.0000000000000000000 ) ) ;
#1573 = CARTESIAN_POINT ( 'NONE',  ( -2.599999999999999200, -6.500000000000000000, 1.500000000000000000 ) ) ;
#1574 = AXIS2_PLACEMENT_3D ( 'NONE', #1573, #1572, #1571 ) ;
#1575 = PLANE ( 'NONE',  #1574 ) ;
#1576 = FACE_OUTER_BOUND ( 'NONE', #566, .T. ) ;
#1577 = DIRECTION ( 'NONE',  ( 0.0000000000000000000, 0.0000000000000000000, 1.000000000000000000 ) ) ;
#1578 = VECTOR ( 'NONE', #1577, 1000.000000000000000 ) ;
#1579 = CARTESIAN_POINT ( 'NONE',  ( -2.399999999999999500, -6.500000000000000000, 1.500000000000000000 ) ) ;
#1580 = LINE ( 'NONE', #1579, #1578 ) ;
#1581 = CARTESIAN_POINT ( 'NONE',  ( -2.399999999999999500, -6.500000000000000000, 1.500000000000000000 ) ) ;
#1582 = DIRECTION ( 'NONE',  ( 1.734723475976811800E-015, 0.0000000000000000000, 1.000000000000000000 ) ) ;
#1583 = DIRECTION ( 'NONE',  ( -1.000000000000000000, -1.224606353822377300E-016, 1.734723475976811800E-015 ) ) ;
#1584 = CARTESIAN_POINT ( 'NONE',  ( -2.399999999999999500, -6.500000000000000000, -1.500000000000000000 ) ) ;
#1585 = AXIS2_PLACEMENT_3D ( 'NONE', #1584, #1583, #1582 ) ;
#1586 = PLANE ( 'NONE',  #1585 ) ;
#1587 = FACE_OUTER_BOUND ( 'NONE', #598, .T. ) ;
#1588 = DIRECTION ( 'NONE',  ( -1.000000000000000000, 0.0000000000000000000, 0.0000000000000000000 ) ) ;
#1589 = VECTOR ( 'NONE', #1588, 1000.000000000000000 ) ;
#1590 = CARTESIAN_POINT ( 'NONE',  ( -2.599999999999999200, -4.999999999999999100, -1.500000000000000000 ) ) ;
#1591 = LINE ( 'NONE', #1590, #1589 ) ;
#1592 = CARTESIAN_POINT ( 'NONE',  ( -2.399999999999999500, -4.999999999999999100, -1.499999999999999600 ) ) ;
#1593 = DIRECTION ( 'NONE',  ( -1.224606353822377300E-016, 1.000000000000000000, 0.0000000000000000000 ) ) ;
#1594 = VECTOR ( 'NONE', #1593, 1000.000000000000000 ) ;
#1595 = CARTESIAN_POINT ( 'NONE',  ( -2.399999999999999500, -6.500000000000000000, -1.500000000000000000 ) ) ;
#1596 = LINE ( 'NONE', #1595, #1594 ) ;
#1597 = CARTESIAN_POINT ( 'NONE',  ( 2.400000000000001200, -4.999999999999999100, 1.000000000000000400 ) ) ;
#1598 = DIRECTION ( 'NONE',  ( -1.224606353822377300E-016, 1.000000000000000000, 0.0000000000000000000 ) ) ;
#1599 = DIRECTION ( 'NONE',  ( 1.000000000000000000, 1.224606353822377300E-016, 0.0000000000000000000 ) ) ;
#1600 = CARTESIAN_POINT ( 'NONE',  ( 2.400000000000001200, -6.500000000000000000, 1.500000000000000000 ) ) ;
#1601 = AXIS2_PLACEMENT_3D ( 'NONE', #1600, #1599, #1598 ) ;
#1602 = PLANE ( 'NONE',  #1601 ) ;
#1603 = FACE_OUTER_BOUND ( 'NONE', #588, .T. ) ;
#1604 = DIRECTION ( 'NONE',  ( 1.000000000000000000, 0.0000000000000000000, -6.505213034913010800E-015 ) ) ;
#1605 = VECTOR ( 'NONE', #1604, 1000.000000000000000 ) ;
#1606 = CARTESIAN_POINT ( 'NONE',  ( -2.599999999999999200, -4.999999999999999100, -1.000000000000000000 ) ) ;
#1607 = LINE ( 'NONE', #1606, #1605 ) ;
#1608 = DIRECTION ( 'NONE',  ( -1.000000000000000000, 0.0000000000000000000, 6.505213034913010800E-015 ) ) ;
#1609 = DIRECTION ( 'NONE',  ( -6.505213034913010800E-015, -7.966325215522623200E-031, -1.000000000000000000 ) ) ;
#1610 = CARTESIAN_POINT ( 'NONE',  ( -2.599999999999999200, -6.500000000000000000, -1.000000000000000000 ) ) ;
#1611 = AXIS2_PLACEMENT_3D ( 'NONE', #1610, #1609, #1608 ) ;
#1612 = PLANE ( 'NONE',  #1611 ) ;
#1613 = FACE_OUTER_BOUND ( 'NONE', #581, .T. ) ;
#1614 = DIRECTION ( 'NONE',  ( 1.000000000000000000, 1.224606353822377300E-016, 0.0000000000000000000 ) ) ;
#1615 = CARTESIAN_POINT ( 'NONE',  ( 2.400000000000001200, -6.500000000000000000, -1.500000000000000000 ) ) ;
#1616 = AXIS2_PLACEMENT_3D ( 'NONE', #1615, #1614, #1678 ) ;
#1617 = PLANE ( 'NONE',  #1616 ) ;
#1618 = FACE_OUTER_BOUND ( 'NONE', #623, .T. ) ;
#1619 = DIRECTION ( 'NONE',  ( 1.000000000000000000, 0.0000000000000000000, 0.0000000000000000000 ) ) ;
#1620 = VECTOR ( 'NONE', #1619, 1000.000000000000000 ) ;
#1621 = CARTESIAN_POINT ( 'NONE',  ( 2.400000000000001200, -4.999999999999999100, 1.500000000000000000 ) ) ;
#1622 = LINE ( 'NONE', #1621, #1620 ) ;
#1623 = DIRECTION ( 'NONE',  ( -1.000000000000000000, 0.0000000000000000000, 0.0000000000000000000 ) ) ;
#1624 = DIRECTION ( 'NONE',  ( 0.0000000000000000000, 0.0000000000000000000, -1.000000000000000000 ) ) ;
#1625 = CARTESIAN_POINT ( 'NONE',  ( 2.400000000000001200, -6.500000000000000000, 1.500000000000000000 ) ) ;
#1626 = AXIS2_PLACEMENT_3D ( 'NONE', #1625, #1624, #1623 ) ;
#1627 = PLANE ( 'NONE',  #1626 ) ;
#1628 = FACE_OUTER_BOUND ( 'NONE', #642, .T. ) ;
#1629 = DIRECTION ( 'NONE',  ( -1.000000000000000000, 0.0000000000000000000, 0.0000000000000000000 ) ) ;
#1630 = VECTOR ( 'NONE', #1629, 1000.000000000000000 ) ;
#1631 = CARTESIAN_POINT ( 'NONE',  ( 2.400000000000001200, -4.999999999999999100, -1.500000000000000000 ) ) ;
#1632 = LINE ( 'NONE', #1631, #1630 ) ;
#1633 = CARTESIAN_POINT ( 'NONE',  ( -2.599999999999999200, -4.999999999999999100, -1.499999999999999600 ) ) ;
#1634 = DIRECTION ( 'NONE',  ( -1.224606353822377300E-016, 1.000000000000000000, 0.0000000000000000000 ) ) ;
#1635 = VECTOR ( 'NONE', #1634, 1000.000000000000000 ) ;
#1636 = CARTESIAN_POINT ( 'NONE',  ( -2.599999999999999200, -6.500000000000000000, -1.500000000000000000 ) ) ;
#1637 = LINE ( 'NONE', #1636, #1635 ) ;
#1638 = DIRECTION ( 'NONE',  ( -1.224606353822377300E-016, 1.000000000000000000, 0.0000000000000000000 ) ) ;
#1639 = DIRECTION ( 'NONE',  ( 1.000000000000000000, 1.224606353822377300E-016, 0.0000000000000000000 ) ) ;
#1640 = CARTESIAN_POINT ( 'NONE',  ( -2.599999999999999200, -6.500000000000000000, -1.500000000000000000 ) ) ;
#1641 = AXIS2_PLACEMENT_3D ( 'NONE', #1640, #1639, #1638 ) ;
#1642 = PLANE ( 'NONE',  #1641 ) ;
#1643 = FACE_OUTER_BOUND ( 'NONE', #605, .T. ) ;
#1644 = CARTESIAN_POINT ( 'NONE',  ( -2.399999999999998600, -4.999999999999999100, -1.000000000000001300 ) ) ;
#1645 = DIRECTION ( 'NONE',  ( -1.224606353822377300E-016, 1.000000000000000000, 0.0000000000000000000 ) ) ;
#1646 = VECTOR ( 'NONE', #1645, 1000.000000000000000 ) ;
#1647 = CARTESIAN_POINT ( 'NONE',  ( -2.399999999999998600, -6.500000000000000000, -1.000000000000001300 ) ) ;
#1648 = LINE ( 'NONE', #1647, #1646 ) ;
#1649 = DIRECTION ( 'NONE',  ( 0.0000000000000000000, 0.0000000000000000000, 1.000000000000000000 ) ) ;
#1650 = VECTOR ( 'NONE', #1649, 1000.000000000000000 ) ;
#1651 = CARTESIAN_POINT ( 'NONE',  ( 2.600000000000000500, -4.999999999999999100, -2.100000000000000100 ) ) ;
#1652 = LINE ( 'NONE', #1651, #1650 ) ;
#1653 = CARTESIAN_POINT ( 'NONE',  ( 2.600000000000000500, -4.999999999999999100, 1.500000000000000000 ) ) ;
#1654 = DIRECTION ( 'NONE',  ( -1.224606353822377300E-016, 1.000000000000000000, 0.0000000000000000000 ) ) ;
#1655 = VECTOR ( 'NONE', #1654, 1000.000000000000000 ) ;
#1656 = CARTESIAN_POINT ( 'NONE',  ( 2.600000000000000500, -6.500000000000000000, 1.500000000000000000 ) ) ;
#1657 = LINE ( 'NONE', #1656, #1655 ) ;
#1658 = DIRECTION ( 'NONE',  ( 1.224606353822377300E-016, -1.000000000000000000, 0.0000000000000000000 ) ) ;
#1659 = DIRECTION ( 'NONE',  ( -1.000000000000000000, -1.224606353822377300E-016, 0.0000000000000000000 ) ) ;
#1660 = CARTESIAN_POINT ( 'NONE',  ( 2.600000000000000500, -6.500000000000000000, 1.500000000000000000 ) ) ;
#1661 = AXIS2_PLACEMENT_3D ( 'NONE', #1660, #1659, #1658 ) ;
#1662 = PLANE ( 'NONE',  #1661 ) ;
#1663 = FACE_OUTER_BOUND ( 'NONE', #635, .T. ) ;
#1664 = DIRECTION ( 'NONE',  ( -1.000000000000000000, 0.0000000000000000000, 3.252606517456518800E-015 ) ) ;
#1665 = VECTOR ( 'NONE', #1664, 1000.000000000000000 ) ;
#1666 = CARTESIAN_POINT ( 'NONE',  ( 2.400000000000001200, -4.999999999999999100, 1.000000000000000700 ) ) ;
#1667 = LINE ( 'NONE', #1666, #1665 ) ;
#1668 = CARTESIAN_POINT ( 'NONE',  ( 2.400000000000001200, -4.999999999999999100, -1.000000000000000000 ) ) ;
#1669 = DIRECTION ( 'NONE',  ( 0.0000000000000000000, 0.0000000000000000000, 1.000000000000000000 ) ) ;
#1670 = VECTOR ( 'NONE', #1669, 1000.000000000000000 ) ;
#1671 = CARTESIAN_POINT ( 'NONE',  ( 2.400000000000001200, -4.999999999999999100, -2.100000000000000100 ) ) ;
#1672 = LINE ( 'NONE', #1671, #1670 ) ;
#1673 = CARTESIAN_POINT ( 'NONE',  ( 2.400000000000001200, -4.999999999999999100, -1.500000000000000000 ) ) ;
#1674 = DIRECTION ( 'NONE',  ( -1.224606353822377300E-016, 1.000000000000000000, 0.0000000000000000000 ) ) ;
#1675 = VECTOR ( 'NONE', #1674, 1000.000000000000000 ) ;
#1676 = CARTESIAN_POINT ( 'NONE',  ( 2.400000000000001200, -6.500000000000000000, -1.500000000000000000 ) ) ;
#1677 = LINE ( 'NONE', #1676, #1675 ) ;
#1678 = DIRECTION ( 'NONE',  ( -1.224606353822377300E-016, 1.000000000000000000, 0.0000000000000000000 ) ) ;
#1679 = DIRECTION ( 'NONE',  ( 0.0000000000000000000, 1.000000000000000000, 0.0000000000000000000 ) ) ;
#1680 = CARTESIAN_POINT ( 'NONE',  ( 2.600000000000000500, -4.999999999999999100, -2.100000000000000100 ) ) ;
#1681 = AXIS2_PLACEMENT_3D ( 'NONE', #1680, #1679, #1744 ) ;
#1682 = PLANE ( 'NONE',  #1681 ) ;
#1683 = FACE_OUTER_BOUND ( 'NONE', #668, .T. ) ;
#1684 = DIRECTION ( 'NONE',  ( 0.0000000000000000000, 0.0000000000000000000, 1.000000000000000000 ) ) ;
#1685 = DIRECTION ( 'NONE',  ( 0.0000000000000000000, 1.000000000000000000, 0.0000000000000000000 ) ) ;
#1686 = CARTESIAN_POINT ( 'NONE',  ( 2.600000000000000500, -4.999999999999999100, -2.100000000000000100 ) ) ;
#1687 = AXIS2_PLACEMENT_3D ( 'NONE', #1686, #1685, #1684 ) ;
#1688 = PLANE ( 'NONE',  #1687 ) ;
#1689 = FACE_OUTER_BOUND ( 'NONE', #662, .T. ) ;
#1690 = DIRECTION ( 'NONE',  ( 1.000000000000000000, 0.0000000000000000000, 6.505213034913010800E-015 ) ) ;
#1691 = VECTOR ( 'NONE', #1690, 1000.000000000000000 ) ;
#1692 = CARTESIAN_POINT ( 'NONE',  ( 2.400000000000001200, -4.999999999999999100, -1.000000000000000700 ) ) ;
#1693 = LINE ( 'NONE', #1692, #1691 ) ;
#1694 = DIRECTION ( 'NONE',  ( 1.000000000000000000, 1.224606353822377500E-016, 0.0000000000000000000 ) ) ;
#1695 = DIRECTION ( 'NONE',  ( 1.224606353822377500E-016, -1.000000000000000000, 0.0000000000000000000 ) ) ;
#1696 = CARTESIAN_POINT ( 'NONE',  ( 5.316493772999919900E-016, -0.8000000000000000400, -1.250000000000000000 ) ) ;
#1697 = AXIS2_PLACEMENT_3D ( 'NONE', #1696, #1695, #1694 ) ;
#1698 = PLANE ( 'NONE',  #1697 ) ;
#1699 = FACE_OUTER_BOUND ( 'NONE', #655, .T. ) ;
#1700 = DIRECTION ( 'NONE',  ( -1.224606353822377300E-016, 1.000000000000000000, 0.0000000000000000000 ) ) ;
#1701 = VECTOR ( 'NONE', #1700, 1000.000000000000000 ) ;
#1702 = CARTESIAN_POINT ( 'NONE',  ( 2.400000000000001200, -6.500000000000000000, 1.500000000000000000 ) ) ;
#1703 = LINE ( 'NONE', #1702, #1701 ) ;
#1704 = CARTESIAN_POINT ( 'NONE',  ( 2.400000000000001200, -4.999999999999999100, 1.500000000000000000 ) ) ;
#1705 = DIRECTION ( 'NONE',  ( 0.0000000000000000000, 0.0000000000000000000, 1.000000000000000000 ) ) ;
#1706 = VECTOR ( 'NONE', #1705, 1000.000000000000000 ) ;
#1707 = CARTESIAN_POINT ( 'NONE',  ( 2.400000000000001200, -4.999999999999999100, -2.100000000000000100 ) ) ;
#1708 = LINE ( 'NONE', #1707, #1706 ) ;
#1709 = DIRECTION ( 'NONE',  ( -1.224606353822377300E-016, 1.000000000000000000, 0.0000000000000000000 ) ) ;
#1710 = VECTOR ( 'NONE', #1709, 1000.000000000000000 ) ;
#1711 = CARTESIAN_POINT ( 'NONE',  ( 2.400000000000001200, -6.500000000000000000, 1.000000000000000700 ) ) ;
#1712 = LINE ( 'NONE', #1711, #1710 ) ;
#1713 = DIRECTION ( 'NONE',  ( 1.000000000000000000, 0.0000000000000000000, 0.0000000000000000000 ) ) ;
#1714 = DIRECTION ( 'NONE',  ( 0.0000000000000000000, 0.0000000000000000000, 1.000000000000000000 ) ) ;
#1715 = CARTESIAN_POINT ( 'NONE',  ( 2.400000000000001200, -6.500000000000000000, -1.500000000000000000 ) ) ;
#1716 = AXIS2_PLACEMENT_3D ( 'NONE', #1715, #1714, #1713 ) ;
#1717 = PLANE ( 'NONE',  #1716 ) ;
#1718 = FACE_OUTER_BOUND ( 'NONE', #685, .T. ) ;
#1719 = DIRECTION ( 'NONE',  ( -1.224606353822377300E-016, 1.000000000000000000, 0.0000000000000000000 ) ) ;
#1720 = VECTOR ( 'NONE', #1719, 1000.000000000000000 ) ;
#1721 = CARTESIAN_POINT ( 'NONE',  ( 2.400000000000001200, -6.500000000000000000, -1.000000000000000700 ) ) ;
#1722 = LINE ( 'NONE', #1721, #1720 ) ;
#1723 = DIRECTION ( 'NONE',  ( -1.000000000000000000, 0.0000000000000000000, -6.505213034913010800E-015 ) ) ;
#1724 = DIRECTION ( 'NONE',  ( 6.505213034913010800E-015, 7.966325215522623200E-031, -1.000000000000000000 ) ) ;
#1725 = CARTESIAN_POINT ( 'NONE',  ( 2.400000000000001200, -6.500000000000000000, -1.000000000000000700 ) ) ;
#1726 = AXIS2_PLACEMENT_3D ( 'NONE', #1725, #1724, #1723 ) ;
#1727 = PLANE ( 'NONE',  #1726 ) ;
#1728 = FACE_OUTER_BOUND ( 'NONE', #679, .T. ) ;
#1729 = DIRECTION ( 'NONE',  ( 0.0000000000000000000, 0.0000000000000000000, 1.000000000000000000 ) ) ;
#1730 = VECTOR ( 'NONE', #1729, 1000.000000000000000 ) ;
#1731 = CARTESIAN_POINT ( 'NONE',  ( 2.600000000000000500, -4.999999999999999100, -2.100000000000000100 ) ) ;
#1732 = LINE ( 'NONE', #1731, #1730 ) ;
#1733 = CARTESIAN_POINT ( 'NONE',  ( 2.600000000000001400, -4.999999999999999100, -0.9999999999999993300 ) ) ;
#1734 = DIRECTION ( 'NONE',  ( -1.224606353822377300E-016, 1.000000000000000000, 0.0000000000000000000 ) ) ;
#1735 = VECTOR ( 'NONE', #1734, 1000.000000000000000 ) ;
#1736 = CARTESIAN_POINT ( 'NONE',  ( 2.600000000000001400, -6.500000000000000000, -0.9999999999999993300 ) ) ;
#1737 = LINE ( 'NONE', #1736, #1735 ) ;
#1738 = DIRECTION ( 'NONE',  ( 1.734723475976805100E-015, 0.0000000000000000000, 1.000000000000000000 ) ) ;
#1739 = DIRECTION ( 'NONE',  ( -1.000000000000000000, -1.224606353822377300E-016, 1.734723475976805100E-015 ) ) ;
#1740 = CARTESIAN_POINT ( 'NONE',  ( 2.600000000000000500, -6.500000000000000000, -1.500000000000000000 ) ) ;
#1741 = AXIS2_PLACEMENT_3D ( 'NONE', #1740, #1739, #1738 ) ;
#1742 = PLANE ( 'NONE',  #1741 ) ;
#1743 = FACE_OUTER_BOUND ( 'NONE', #614, .T. ) ;
#1744 = DIRECTION ( 'NONE',  ( 0.0000000000000000000, 0.0000000000000000000, 1.000000000000000000 ) ) ;
#1745 = DIRECTION ( 'NONE',  ( 0.0000000000000000000, 0.0000000000000000000, 1.000000000000000000 ) ) ;
#1746 = DIRECTION ( 'NONE',  ( 0.0000000000000000000, 1.000000000000000000, 0.0000000000000000000 ) ) ;
#1747 = CARTESIAN_POINT ( 'NONE',  ( -2.599999999999999200, -4.999999999999999100, -10.00000000000000000 ) ) ;
#1748 = AXIS2_PLACEMENT_3D ( 'NONE', #1747, #1746, #1745 ) ;
#1749 = PLANE ( 'NONE',  #1748 ) ;
#1750 = FACE_OUTER_BOUND ( 'NONE', #721, .T. ) ;
#1751 = DIRECTION ( 'NONE',  ( 0.0000000000000000000, 0.7071067811865483500, 0.7071067811865466800 ) ) ;
#1752 = DIRECTION ( 'NONE',  ( -9.583083854271076700E-017, 0.7071067811865466800, -0.7071067811865483500 ) ) ;
#1753 = CARTESIAN_POINT ( 'NONE',  ( -3.200000000000000600, 5.400000000000000400, -1.400000000000001000 ) ) ;
#1754 = AXIS2_PLACEMENT_3D ( 'NONE', #1753, #1752, #1751 ) ;
#1755 = PLANE ( 'NONE',  #1754 ) ;
#1756 = FACE_OUTER_BOUND ( 'NONE', #713, .T. ) ;
#1757 = DIRECTION ( 'NONE',  ( 0.0000000000000000000, 0.7071067811865483500, 0.7071067811865466800 ) ) ;
#1758 = DIRECTION ( 'NONE',  ( -9.583083854271076700E-017, 0.7071067811865466800, -0.7071067811865483500 ) ) ;
#1759 = CARTESIAN_POINT ( 'NONE',  ( -3.200000000000000600, 5.400000000000000400, -1.400000000000001000 ) ) ;
#1760 = AXIS2_PLACEMENT_3D ( 'NONE', #1759, #1758, #1757 ) ;
#1761 = PLANE ( 'NONE',  #1760 ) ;
#1762 = FACE_OUTER_BOUND ( 'NONE', #707, .T. ) ;
#1763 = DIRECTION ( 'NONE',  ( 1.000000000000000000, 0.0000000000000000000, 0.0000000000000000000 ) ) ;
#1764 = DIRECTION ( 'NONE',  ( 0.0000000000000000000, 0.0000000000000000000, 1.000000000000000000 ) ) ;
#1765 = CARTESIAN_POINT ( 'NONE',  ( -0.6062177826491056400, -6.500000000000000000, 1.600000000000000300 ) ) ;
#1766 = AXIS2_PLACEMENT_3D ( 'NONE', #1765, #1764, #1763 ) ;
#1767 = PLANE ( 'NONE',  #1766 ) ;
#1768 = FACE_OUTER_BOUND ( 'NONE', #702, .T. ) ;
#1769 = DIRECTION ( 'NONE',  ( -1.000000000000000000, 0.0000000000000000000, 0.0000000000000000000 ) ) ;
#1770 = DIRECTION ( 'NONE',  ( 0.0000000000000000000, 0.0000000000000000000, -1.000000000000000000 ) ) ;
#1771 = CARTESIAN_POINT ( 'NONE',  ( -0.3570714214271412100, -6.500000000000000000, -1.599999999999999900 ) ) ;
#1772 = AXIS2_PLACEMENT_3D ( 'NONE', #1771, #1770, #1769 ) ;
#1773 = PLANE ( 'NONE',  #1772 ) ;
#1774 = FACE_OUTER_BOUND ( 'NONE', #696, .T. ) ;
#1775 = CARTESIAN_POINT ( 'NONE',  ( 2.600000000000000500, -4.999999999999999100, -1.500000000000000000 ) ) ;
#1776 = DIRECTION ( 'NONE',  ( -1.224606353822377300E-016, 1.000000000000000000, 0.0000000000000000000 ) ) ;
#1777 = VECTOR ( 'NONE', #1776, 1000.000000000000000 ) ;
#1778 = CARTESIAN_POINT ( 'NONE',  ( 2.600000000000000500, -6.500000000000000000, -1.500000000000000000 ) ) ;
#1779 = LINE ( 'NONE', #1778, #1777 ) ;
#1780 = DIRECTION ( 'NONE',  ( 1.000000000000000000, 0.0000000000000000000, 0.0000000000000000000 ) ) ;
#1781 = DIRECTION ( 'NONE',  ( 0.0000000000000000000, 0.0000000000000000000, 1.000000000000000000 ) ) ;
#1782 = CARTESIAN_POINT ( 'NONE',  ( 0.0000000000000000000, 0.0000000000000000000, 0.0000000000000000000 ) ) ;
#1783 = AXIS2_PLACEMENT_3D ( 'NONE', #1782, #1781, #1780 ) ;
#1784 = ADVANCED_BREP_SHAPE_REPRESENTATION ( 'RPI-352', ( #297, #1783 ), #1785 ) ;
#1785 =( GEOMETRIC_REPRESENTATION_CONTEXT ( 3 ) GLOBAL_UNCERTAINTY_ASSIGNED_CONTEXT ( ( #1786 ) ) GLOBAL_UNIT_ASSIGNED_CONTEXT ( ( #1789, #1788, #1787 ) ) REPRESENTATION_CONTEXT ( 'NONE', 'WORKASPACE' ) );
#1786 = UNCERTAINTY_MEASURE_WITH_UNIT (LENGTH_MEASURE( 1.000000000000000100E-005 ), #1789, 'distance_accuracy_value', 'NONE');
#1787 =( NAMED_UNIT ( * ) SI_UNIT ( $, .STERADIAN. ) SOLID_ANGLE_UNIT ( ) );
#1788 =( NAMED_UNIT ( * ) PLANE_ANGLE_UNIT ( ) SI_UNIT ( $, .RADIAN. ) );
#1789 =( LENGTH_UNIT ( ) NAMED_UNIT ( * ) SI_UNIT ( .MILLI., .METRE. ) );
#1790 = PERSON_AND_ORGANIZATION ( #1792, #1791 ) ;
#1791 = ORGANIZATION ( 'UNSPECIFIED', 'UNSPECIFIED', '' ) ;
#1792 = PERSON ( 'UNSPECIFIED', 'UNSPECIFIED', 'UNSPECIFIED', ('UNSPECIFIED'), ('UNSPECIFIED'), ('UNSPECIFIED') ) ;
#1793 = PRODUCT ( 'RPI-352', 'RPI-352', '', ( #1794 ) ) ;
#1794 = MECHANICAL_CONTEXT ( 'NONE', #1796, 'mechanical' ) ;
#1795 = APPLICATION_PROTOCOL_DEFINITION ( 'international standard', 'config_control_design', 1994, #1796 ) ;
#1796 = APPLICATION_CONTEXT ( 'configuration controlled 3d designs of mechanical parts and assemblies' ) ;
ENDSEC;
END-ISO-10303-21;
